id,device_id,timestamp,data,sensor_type
1,KPCL0022,2025-05-04 23:38:36.936,"{'unit': '°C', 'value': 24.3, 'timestamp': '04/05/2025, 19:38:36'}",temperature
2,KPCL0022,2025-05-04 23:38:36.968,"{'unit': '%', 'value': 25.1, 'timestamp': '04/05/2025, 19:38:36'}",humidity
3,KPCL0022,2025-05-04 23:38:36.999,"{'unit': 'lux', 'value': 121, 'timestamp': '04/05/2025, 19:38:36'}",light
4,KPCL0022,2025-05-04 23:38:37.029,"{'unit': 'g', 'value': -0.192495, 'timestamp': '04/05/2025, 19:38:36'}",weight
5,KPCL0022,2025-05-04 23:38:41.902,"{'unit': '°C', 'value': 24.3, 'timestamp': '04/05/2025, 19:38:41'}",temperature
6,KPCL0022,2025-05-04 23:38:41.934,"{'unit': '%', 'value': 25.2, 'timestamp': '04/05/2025, 19:38:41'}",humidity
7,KPCL0022,2025-05-04 23:38:41.965,"{'unit': 'lux', 'value': 123, 'timestamp': '04/05/2025, 19:38:41'}",light
8,KPCL0022,2025-05-04 23:38:41.995,"{'unit': 'g', 'value': -0.190187, 'timestamp': '04/05/2025, 19:38:41'}",weight
9,KPCL0022,2025-05-04 23:38:46.952,"{'unit': '°C', 'value': 24.3, 'timestamp': '04/05/2025, 19:38:46'}",temperature
10,KPCL0022,2025-05-04 23:38:46.984,"{'unit': '%', 'value': 25.2, 'timestamp': '04/05/2025, 19:38:46'}",humidity
11,KPCL0022,2025-05-04 23:38:47.016,"{'unit': 'lux', 'value': 114, 'timestamp': '04/05/2025, 19:38:46'}",light
12,KPCL0022,2025-05-04 23:38:47.047,"{'unit': 'g', 'value': -0.190426, 'timestamp': '04/05/2025, 19:38:46'}",weight
13,KPCL0022,2025-05-04 23:38:51.908,"{'unit': '°C', 'value': 24.3, 'timestamp': '04/05/2025, 19:38:51'}",temperature
14,KPCL0022,2025-05-04 23:38:51.939,"{'unit': '%', 'value': 25.2, 'timestamp': '04/05/2025, 19:38:51'}",humidity
15,KPCL0022,2025-05-04 23:38:51.970,"{'unit': 'lux', 'value': 110, 'timestamp': '04/05/2025, 19:38:51'}",light
16,KPCL0022,2025-05-04 23:38:52.001,"{'unit': 'g', 'value': -0.172366, 'timestamp': '04/05/2025, 19:38:51'}",weight
17,KPCL0022,2025-05-04 23:38:57.094,"{'unit': '°C', 'value': 24.3, 'timestamp': '04/05/2025, 19:38:56'}",temperature
18,KPCL0022,2025-05-04 23:38:57.126,"{'unit': '%', 'value': 25.2, 'timestamp': '04/05/2025, 19:38:56'}",humidity
19,KPCL0022,2025-05-04 23:38:57.156,"{'unit': 'lux', 'value': 117, 'timestamp': '04/05/2025, 19:38:56'}",light
20,KPCL0022,2025-05-04 23:38:57.187,"{'unit': 'g', 'value': -0.17987, 'timestamp': '04/05/2025, 19:38:56'}",weight
21,KPCL0022,2025-05-04 23:39:01.930,"{'unit': '°C', 'value': 24.3, 'timestamp': '04/05/2025, 19:39:01'}",temperature
22,KPCL0022,2025-05-04 23:39:01.962,"{'unit': '%', 'value': 25.2, 'timestamp': '04/05/2025, 19:39:01'}",humidity
23,KPCL0022,2025-05-04 23:39:01.992,"{'unit': 'lux', 'value': 123, 'timestamp': '04/05/2025, 19:39:01'}",light
24,KPCL0022,2025-05-04 23:39:02.023,"{'unit': 'g', 'value': -0.187161, 'timestamp': '04/05/2025, 19:39:01'}",weight
25,KPCL0022,2025-05-04 23:39:06.892,"{'unit': '°C', 'value': 24.3, 'timestamp': '04/05/2025, 19:39:06'}",temperature
26,KPCL0022,2025-05-04 23:39:06.923,"{'unit': '%', 'value': 25.3, 'timestamp': '04/05/2025, 19:39:06'}",humidity
27,KPCL0022,2025-05-04 23:39:06.953,"{'unit': 'lux', 'value': 119, 'timestamp': '04/05/2025, 19:39:06'}",light
28,KPCL0022,2025-05-04 23:39:06.984,"{'unit': 'g', 'value': -0.178846, 'timestamp': '04/05/2025, 19:39:06'}",weight
29,KPCL0022,2025-05-04 23:39:11.945,"{'unit': '°C', 'value': 24.4, 'timestamp': '04/05/2025, 19:39:11'}",temperature
30,KPCL0022,2025-05-04 23:39:11.975,"{'unit': '%', 'value': 25.3, 'timestamp': '04/05/2025, 19:39:11'}",humidity
31,KPCL0022,2025-05-04 23:39:12.006,"{'unit': 'lux', 'value': 119, 'timestamp': '04/05/2025, 19:39:11'}",light
32,KPCL0022,2025-05-04 23:39:12.036,"{'unit': 'g', 'value': -0.178228, 'timestamp': '04/05/2025, 19:39:11'}",weight
33,KPCL0022,2025-05-04 23:39:16.907,"{'unit': '°C', 'value': 24.4, 'timestamp': '04/05/2025, 19:39:16'}",temperature
34,KPCL0022,2025-05-04 23:39:16.942,"{'unit': '%', 'value': 25.3, 'timestamp': '04/05/2025, 19:39:16'}",humidity
35,KPCL0022,2025-05-04 23:39:16.972,"{'unit': 'lux', 'value': 124, 'timestamp': '04/05/2025, 19:39:16'}",light
36,KPCL0022,2025-05-04 23:39:17.003,"{'unit': 'g', 'value': -0.183562, 'timestamp': '04/05/2025, 19:39:16'}",weight
37,KPCL0022,2025-05-04 23:39:21.959,"{'unit': '°C', 'value': 24.4, 'timestamp': '04/05/2025, 19:39:21'}",temperature
38,KPCL0022,2025-05-04 23:39:21.992,"{'unit': '%', 'value': 25.3, 'timestamp': '04/05/2025, 19:39:21'}",humidity
39,KPCL0022,2025-05-04 23:39:22.023,"{'unit': 'lux', 'value': 123, 'timestamp': '04/05/2025, 19:39:21'}",light
40,KPCL0022,2025-05-04 23:39:22.053,"{'unit': 'g', 'value': -0.162983, 'timestamp': '04/05/2025, 19:39:21'}",weight
41,KPCL0022,2025-05-04 23:39:26.923,"{'unit': '°C', 'value': 24.4, 'timestamp': '04/05/2025, 19:39:26'}",temperature
42,KPCL0022,2025-05-04 23:39:26.954,"{'unit': '%', 'value': 25.3, 'timestamp': '04/05/2025, 19:39:26'}",humidity
43,KPCL0022,2025-05-04 23:39:26.984,"{'unit': 'lux', 'value': 125, 'timestamp': '04/05/2025, 19:39:26'}",light
44,KPCL0022,2025-05-04 23:39:27.019,"{'unit': 'g', 'value': -0.159529, 'timestamp': '04/05/2025, 19:39:26'}",weight
45,KPCL0022,2025-05-04 23:39:31.978,"{'unit': '°C', 'value': 24.5, 'timestamp': '04/05/2025, 19:39:31'}",temperature
46,KPCL0022,2025-05-04 23:39:32.010,"{'unit': '%', 'value': 25.3, 'timestamp': '04/05/2025, 19:39:31'}",humidity
47,KPCL0022,2025-05-04 23:39:32.040,"{'unit': 'lux', 'value': 111, 'timestamp': '04/05/2025, 19:39:31'}",light
48,KPCL0022,2025-05-04 23:39:32.071,"{'unit': 'g', 'value': -0.153001, 'timestamp': '04/05/2025, 19:39:31'}",weight
49,KPCL0022,2025-05-04 23:39:36.940,"{'unit': '°C', 'value': 24.5, 'timestamp': '04/05/2025, 19:39:36'}",temperature
50,KPCL0022,2025-05-04 23:39:36.973,"{'unit': '%', 'value': 25.4, 'timestamp': '04/05/2025, 19:39:36'}",humidity
51,KPCL0022,2025-05-04 23:39:37.004,"{'unit': 'lux', 'value': 108, 'timestamp': '04/05/2025, 19:39:36'}",light
52,KPCL0022,2025-05-04 23:39:37.035,"{'unit': 'g', 'value': -0.157218, 'timestamp': '04/05/2025, 19:39:36'}",weight
53,KPCL0022,2025-05-04 23:39:41.910,"{'unit': '°C', 'value': 24.6, 'timestamp': '04/05/2025, 19:39:41'}",temperature
54,KPCL0022,2025-05-04 23:39:41.941,"{'unit': '%', 'value': 25.4, 'timestamp': '04/05/2025, 19:39:41'}",humidity
55,KPCL0022,2025-05-04 23:39:41.975,"{'unit': 'lux', 'value': 128, 'timestamp': '04/05/2025, 19:39:41'}",light
56,KPCL0022,2025-05-04 23:39:42.009,"{'unit': 'g', 'value': -0.141783, 'timestamp': '04/05/2025, 19:39:41'}",weight
57,KPCL0022,2025-05-04 23:39:46.957,"{'unit': '°C', 'value': 24.6, 'timestamp': '04/05/2025, 19:39:46'}",temperature
58,KPCL0022,2025-05-04 23:39:46.987,"{'unit': '%', 'value': 25.4, 'timestamp': '04/05/2025, 19:39:46'}",humidity
59,KPCL0022,2025-05-04 23:39:47.020,"{'unit': 'lux', 'value': 114, 'timestamp': '04/05/2025, 19:39:46'}",light
60,KPCL0022,2025-05-04 23:39:47.051,"{'unit': 'g', 'value': -0.142877, 'timestamp': '04/05/2025, 19:39:46'}",weight
61,KPCL0022,2025-05-04 23:39:51.916,"{'unit': '°C', 'value': 24.7, 'timestamp': '04/05/2025, 19:39:51'}",temperature
62,KPCL0022,2025-05-04 23:39:51.946,"{'unit': '%', 'value': 25.4, 'timestamp': '04/05/2025, 19:39:51'}",humidity
63,KPCL0022,2025-05-04 23:39:51.976,"{'unit': 'lux', 'value': 127, 'timestamp': '04/05/2025, 19:39:51'}",light
64,KPCL0022,2025-05-04 23:39:52.006,"{'unit': 'g', 'value': -0.161695, 'timestamp': '04/05/2025, 19:39:51'}",weight
65,KPCL0022,2025-05-04 23:39:56.997,"{'unit': '°C', 'value': 24.7, 'timestamp': '04/05/2025, 19:39:56'}",temperature
66,KPCL0022,2025-05-04 23:39:57.028,"{'unit': '%', 'value': 25.3, 'timestamp': '04/05/2025, 19:39:56'}",humidity
67,KPCL0022,2025-05-04 23:39:57.058,"{'unit': 'lux', 'value': 124, 'timestamp': '04/05/2025, 19:39:56'}",light
68,KPCL0022,2025-05-04 23:39:57.089,"{'unit': 'g', 'value': -0.144046, 'timestamp': '04/05/2025, 19:39:56'}",weight
69,KPCL0022,2025-05-04 23:40:01.932,"{'unit': '°C', 'value': 24.7, 'timestamp': '04/05/2025, 19:40:01'}",temperature
70,KPCL0022,2025-05-04 23:40:01.961,"{'unit': '%', 'value': 25.3, 'timestamp': '04/05/2025, 19:40:01'}",humidity
71,KPCL0022,2025-05-04 23:40:01.992,"{'unit': 'lux', 'value': 113, 'timestamp': '04/05/2025, 19:40:01'}",light
72,KPCL0022,2025-05-04 23:40:02.023,"{'unit': 'g', 'value': -0.152431, 'timestamp': '04/05/2025, 19:40:01'}",weight
73,KPCL0022,2025-05-04 23:40:06.987,"{'unit': '°C', 'value': 24.7, 'timestamp': '04/05/2025, 19:40:06'}",temperature
74,KPCL0022,2025-05-04 23:40:07.022,"{'unit': '%', 'value': 25.3, 'timestamp': '04/05/2025, 19:40:06'}",humidity
75,KPCL0022,2025-05-04 23:40:07.053,"{'unit': 'lux', 'value': 110, 'timestamp': '04/05/2025, 19:40:06'}",light
76,KPCL0022,2025-05-04 23:40:07.083,"{'unit': 'g', 'value': -0.165198, 'timestamp': '04/05/2025, 19:40:06'}",weight
77,KPCL0022,2025-05-04 23:40:11.945,"{'unit': '°C', 'value': 24.7, 'timestamp': '04/05/2025, 19:40:11'}",temperature
78,KPCL0022,2025-05-04 23:40:11.976,"{'unit': '%', 'value': 25.2, 'timestamp': '04/05/2025, 19:40:11'}",humidity
79,KPCL0022,2025-05-04 23:40:12.007,"{'unit': 'lux', 'value': 119, 'timestamp': '04/05/2025, 19:40:11'}",light
80,KPCL0022,2025-05-04 23:40:12.037,"{'unit': 'g', 'value': -0.18249, 'timestamp': '04/05/2025, 19:40:11'}",weight
81,KPCL0022,2025-05-04 23:40:16.909,"{'unit': '°C', 'value': 24.7, 'timestamp': '04/05/2025, 19:40:16'}",temperature
82,KPCL0022,2025-05-04 23:40:16.939,"{'unit': '%', 'value': 25.2, 'timestamp': '04/05/2025, 19:40:16'}",humidity
83,KPCL0022,2025-05-04 23:40:16.970,"{'unit': 'lux', 'value': 124, 'timestamp': '04/05/2025, 19:40:16'}",light
84,KPCL0022,2025-05-04 23:40:17.001,"{'unit': 'g', 'value': -0.168533, 'timestamp': '04/05/2025, 19:40:16'}",weight
85,KPCL0022,2025-05-04 23:40:21.959,"{'unit': '°C', 'value': 24.7, 'timestamp': '04/05/2025, 19:40:21'}",temperature
86,KPCL0022,2025-05-04 23:40:21.990,"{'unit': '%', 'value': 25.1, 'timestamp': '04/05/2025, 19:40:21'}",humidity
87,KPCL0022,2025-05-04 23:40:22.021,"{'unit': 'lux', 'value': 126, 'timestamp': '04/05/2025, 19:40:21'}",light
88,KPCL0022,2025-05-04 23:40:22.051,"{'unit': 'g', 'value': -0.166221, 'timestamp': '04/05/2025, 19:40:21'}",weight
89,KPCL0022,2025-05-04 23:40:26.931,"{'unit': '°C', 'value': 24.7, 'timestamp': '04/05/2025, 19:40:26'}",temperature
90,KPCL0022,2025-05-04 23:40:26.961,"{'unit': '%', 'value': 25, 'timestamp': '04/05/2025, 19:40:26'}",humidity
91,KPCL0022,2025-05-04 23:40:26.992,"{'unit': 'lux', 'value': 124, 'timestamp': '04/05/2025, 19:40:26'}",light
92,KPCL0022,2025-05-04 23:40:27.023,"{'unit': 'g', 'value': -0.191066, 'timestamp': '04/05/2025, 19:40:26'}",weight
93,KPCL0022,2025-05-04 23:40:31.976,"{'unit': '°C', 'value': 24.7, 'timestamp': '04/05/2025, 19:40:31'}",temperature
94,KPCL0022,2025-05-04 23:40:32.006,"{'unit': '%', 'value': 25, 'timestamp': '04/05/2025, 19:40:31'}",humidity
95,KPCL0022,2025-05-04 23:40:32.036,"{'unit': 'lux', 'value': 108, 'timestamp': '04/05/2025, 19:40:31'}",light
96,KPCL0022,2025-05-04 23:40:32.067,"{'unit': 'g', 'value': -0.184135, 'timestamp': '04/05/2025, 19:40:31'}",weight
97,KPCL0022,2025-05-04 23:40:36.942,"{'unit': '°C', 'value': 24.6, 'timestamp': '04/05/2025, 19:40:36'}",temperature
98,KPCL0022,2025-05-04 23:40:36.977,"{'unit': '%', 'value': 25, 'timestamp': '04/05/2025, 19:40:36'}",humidity
99,KPCL0022,2025-05-04 23:40:37.007,"{'unit': 'lux', 'value': 112, 'timestamp': '04/05/2025, 19:40:36'}",light
100,KPCL0022,2025-05-04 23:40:37.038,"{'unit': 'g', 'value': -0.200713, 'timestamp': '04/05/2025, 19:40:36'}",weight
101,KPCL0022,2025-05-04 23:40:41.997,"{'unit': '°C', 'value': 24.6, 'timestamp': '04/05/2025, 19:40:41'}",temperature
102,KPCL0022,2025-05-04 23:40:42.028,"{'unit': '%', 'value': 24.9, 'timestamp': '04/05/2025, 19:40:41'}",humidity
103,KPCL0022,2025-05-04 23:40:42.059,"{'unit': 'lux', 'value': 122, 'timestamp': '04/05/2025, 19:40:41'}",light
104,KPCL0022,2025-05-04 23:40:42.089,"{'unit': 'g', 'value': -0.191617, 'timestamp': '04/05/2025, 19:40:41'}",weight
105,KPCL0022,2025-05-04 23:40:46.955,"{'unit': '°C', 'value': 24.6, 'timestamp': '04/05/2025, 19:40:46'}",temperature
106,KPCL0022,2025-05-04 23:40:46.986,"{'unit': '%', 'value': 24.9, 'timestamp': '04/05/2025, 19:40:46'}",humidity
107,KPCL0022,2025-05-04 23:40:47.016,"{'unit': 'lux', 'value': 109, 'timestamp': '04/05/2025, 19:40:46'}",light
108,KPCL0022,2025-05-04 23:40:47.048,"{'unit': 'g', 'value': -0.190876, 'timestamp': '04/05/2025, 19:40:46'}",weight
109,KPCL0022,2025-05-04 23:40:51.923,"{'unit': '°C', 'value': 24.5, 'timestamp': '04/05/2025, 19:40:51'}",temperature
110,KPCL0022,2025-05-04 23:40:51.955,"{'unit': '%', 'value': 24.9, 'timestamp': '04/05/2025, 19:40:51'}",humidity
111,KPCL0022,2025-05-04 23:40:51.986,"{'unit': 'lux', 'value': 122, 'timestamp': '04/05/2025, 19:40:51'}",light
112,KPCL0022,2025-05-04 23:40:52.017,"{'unit': 'g', 'value': -0.176155, 'timestamp': '04/05/2025, 19:40:51'}",weight
113,KPCL0022,2025-05-04 23:40:56.969,"{'unit': '°C', 'value': 24.5, 'timestamp': '04/05/2025, 19:40:56'}",temperature
114,KPCL0022,2025-05-04 23:40:56.999,"{'unit': '%', 'value': 24.9, 'timestamp': '04/05/2025, 19:40:56'}",humidity
115,KPCL0022,2025-05-04 23:40:57.030,"{'unit': 'lux', 'value': 127, 'timestamp': '04/05/2025, 19:40:56'}",light
116,KPCL0022,2025-05-04 23:40:57.060,"{'unit': 'g', 'value': -0.189447, 'timestamp': '04/05/2025, 19:40:56'}",weight
117,KPCL0022,2025-05-04 23:41:01.931,"{'unit': '°C', 'value': 24.5, 'timestamp': '04/05/2025, 19:41:01'}",temperature
118,KPCL0022,2025-05-04 23:41:01.962,"{'unit': '%', 'value': 24.9, 'timestamp': '04/05/2025, 19:41:01'}",humidity
119,KPCL0022,2025-05-04 23:41:01.992,"{'unit': 'lux', 'value': 121, 'timestamp': '04/05/2025, 19:41:01'}",light
120,KPCL0022,2025-05-04 23:41:02.022,"{'unit': 'g', 'value': -0.186231, 'timestamp': '04/05/2025, 19:41:01'}",weight
121,KPCL0022,2025-05-04 23:41:06.983,"{'unit': '°C', 'value': 24.5, 'timestamp': '04/05/2025, 19:41:06'}",temperature
122,KPCL0022,2025-05-04 23:41:07.014,"{'unit': '%', 'value': 24.9, 'timestamp': '04/05/2025, 19:41:06'}",humidity
123,KPCL0022,2025-05-04 23:41:07.044,"{'unit': 'lux', 'value': 112, 'timestamp': '04/05/2025, 19:41:06'}",light
124,KPCL0022,2025-05-04 23:41:07.074,"{'unit': 'g', 'value': -0.189566, 'timestamp': '04/05/2025, 19:41:06'}",weight
125,KPCL0022,2025-05-04 23:41:11.950,"{'unit': '°C', 'value': 24.4, 'timestamp': '04/05/2025, 19:41:11'}",temperature
126,KPCL0022,2025-05-04 23:41:11.980,"{'unit': '%', 'value': 24.9, 'timestamp': '04/05/2025, 19:41:11'}",humidity
127,KPCL0022,2025-05-04 23:41:12.011,"{'unit': 'lux', 'value': 124, 'timestamp': '04/05/2025, 19:41:11'}",light
128,KPCL0022,2025-05-04 23:41:12.041,"{'unit': 'g', 'value': -0.189473, 'timestamp': '04/05/2025, 19:41:11'}",weight
129,KPCL0022,2025-05-04 23:41:16.914,"{'unit': '°C', 'value': 24.4, 'timestamp': '04/05/2025, 19:41:16'}",temperature
130,KPCL0022,2025-05-04 23:41:16.944,"{'unit': '%', 'value': 25, 'timestamp': '04/05/2025, 19:41:16'}",humidity
131,KPCL0022,2025-05-04 23:41:16.974,"{'unit': 'lux', 'value': 109, 'timestamp': '04/05/2025, 19:41:16'}",light
132,KPCL0022,2025-05-04 23:41:17.005,"{'unit': 'g', 'value': -0.212434, 'timestamp': '04/05/2025, 19:41:16'}",weight
133,KPCL0022,2025-05-04 23:41:21.964,"{'unit': '°C', 'value': 24.4, 'timestamp': '04/05/2025, 19:41:21'}",temperature
134,KPCL0022,2025-05-04 23:41:21.993,"{'unit': '%', 'value': 25, 'timestamp': '04/05/2025, 19:41:21'}",humidity
135,KPCL0022,2025-05-04 23:41:22.024,"{'unit': 'lux', 'value': 119, 'timestamp': '04/05/2025, 19:41:21'}",light
136,KPCL0022,2025-05-04 23:41:22.055,"{'unit': 'g', 'value': -0.188803, 'timestamp': '04/05/2025, 19:41:21'}",weight
137,KPCL0022,2025-05-04 23:41:26.971,"{'unit': '°C', 'value': 24.4, 'timestamp': '04/05/2025, 19:41:26'}",temperature
138,KPCL0022,2025-05-04 23:41:27.001,"{'unit': '%', 'value': 25, 'timestamp': '04/05/2025, 19:41:26'}",humidity
139,KPCL0022,2025-05-04 23:41:27.032,"{'unit': 'lux', 'value': 120, 'timestamp': '04/05/2025, 19:41:26'}",light
140,KPCL0022,2025-05-04 23:41:27.062,"{'unit': 'g', 'value': -0.163817, 'timestamp': '04/05/2025, 19:41:26'}",weight
141,KPCL0022,2025-05-04 23:41:31.983,"{'unit': '°C', 'value': 24.4, 'timestamp': '04/05/2025, 19:41:31'}",temperature
142,KPCL0022,2025-05-04 23:41:32.013,"{'unit': '%', 'value': 25.1, 'timestamp': '04/05/2025, 19:41:31'}",humidity
143,KPCL0022,2025-05-04 23:41:32.044,"{'unit': 'lux', 'value': 115, 'timestamp': '04/05/2025, 19:41:31'}",light
144,KPCL0022,2025-05-04 23:41:32.074,"{'unit': 'g', 'value': -0.152621, 'timestamp': '04/05/2025, 19:41:31'}",weight
145,KPCL0022,2025-05-04 23:41:36.946,"{'unit': '°C', 'value': 24.4, 'timestamp': '04/05/2025, 19:41:36'}",temperature
146,KPCL0022,2025-05-04 23:41:36.977,"{'unit': '%', 'value': 25.2, 'timestamp': '04/05/2025, 19:41:36'}",humidity
147,KPCL0022,2025-05-04 23:41:37.007,"{'unit': 'lux', 'value': 118, 'timestamp': '04/05/2025, 19:41:36'}",light
148,KPCL0022,2025-05-04 23:41:37.037,"{'unit': 'g', 'value': -0.178515, 'timestamp': '04/05/2025, 19:41:36'}",weight
149,KPCL0022,2025-05-04 23:41:41.999,"{'unit': '°C', 'value': 24.4, 'timestamp': '04/05/2025, 19:41:41'}",temperature
150,KPCL0022,2025-05-04 23:41:42.029,"{'unit': '%', 'value': 25.2, 'timestamp': '04/05/2025, 19:41:41'}",humidity
151,KPCL0022,2025-05-04 23:41:42.060,"{'unit': 'lux', 'value': 122, 'timestamp': '04/05/2025, 19:41:41'}",light
152,KPCL0022,2025-05-04 23:41:42.091,"{'unit': 'g', 'value': -0.163076, 'timestamp': '04/05/2025, 19:41:41'}",weight
153,KPCL0022,2025-05-04 23:41:46.961,"{'unit': '°C', 'value': 24.4, 'timestamp': '04/05/2025, 19:41:46'}",temperature
154,KPCL0022,2025-05-04 23:41:46.991,"{'unit': '%', 'value': 25.3, 'timestamp': '04/05/2025, 19:41:46'}",humidity
155,KPCL0022,2025-05-04 23:41:47.021,"{'unit': 'lux', 'value': 119, 'timestamp': '04/05/2025, 19:41:46'}",light
156,KPCL0022,2025-05-04 23:41:47.054,"{'unit': 'g', 'value': -0.14533, 'timestamp': '04/05/2025, 19:41:46'}",weight
157,KPCL0022,2025-05-04 23:41:51.927,"{'unit': '°C', 'value': 24.5, 'timestamp': '04/05/2025, 19:41:51'}",temperature
158,KPCL0022,2025-05-04 23:41:51.957,"{'unit': '%', 'value': 25.3, 'timestamp': '04/05/2025, 19:41:51'}",humidity
159,KPCL0022,2025-05-04 23:41:51.987,"{'unit': 'lux', 'value': 110, 'timestamp': '04/05/2025, 19:41:51'}",light
160,KPCL0022,2025-05-04 23:41:52.017,"{'unit': 'g', 'value': -0.162053, 'timestamp': '04/05/2025, 19:41:51'}",weight
161,KPCL0022,2025-05-04 23:41:56.990,"{'unit': '°C', 'value': 24.5, 'timestamp': '04/05/2025, 19:41:56'}",temperature
162,KPCL0022,2025-05-04 23:41:57.020,"{'unit': '%', 'value': 25.3, 'timestamp': '04/05/2025, 19:41:56'}",humidity
163,KPCL0022,2025-05-04 23:41:57.051,"{'unit': 'lux', 'value': 120, 'timestamp': '04/05/2025, 19:41:56'}",light
164,KPCL0022,2025-05-04 23:41:57.081,"{'unit': 'g', 'value': -0.165555, 'timestamp': '04/05/2025, 19:41:56'}",weight
165,KPCL0022,2025-05-04 23:42:01.940,"{'unit': '°C', 'value': 24.5, 'timestamp': '04/05/2025, 19:42:01'}",temperature
166,KPCL0022,2025-05-04 23:42:01.972,"{'unit': '%', 'value': 25.3, 'timestamp': '04/05/2025, 19:42:01'}",humidity
167,KPCL0022,2025-05-04 23:42:02.001,"{'unit': 'lux', 'value': 123, 'timestamp': '04/05/2025, 19:42:01'}",light
168,KPCL0022,2025-05-04 23:42:02.032,"{'unit': 'g', 'value': -0.149, 'timestamp': '04/05/2025, 19:42:01'}",weight
169,KPCL0022,2025-05-04 23:42:06.990,"{'unit': '°C', 'value': 24.5, 'timestamp': '04/05/2025, 19:42:06'}",temperature
170,KPCL0022,2025-05-04 23:42:07.026,"{'unit': '%', 'value': 25.3, 'timestamp': '04/05/2025, 19:42:06'}",humidity
171,KPCL0022,2025-05-04 23:42:07.057,"{'unit': 'lux', 'value': 111, 'timestamp': '04/05/2025, 19:42:06'}",light
172,KPCL0022,2025-05-04 23:42:07.087,"{'unit': 'g', 'value': -0.155122, 'timestamp': '04/05/2025, 19:42:06'}",weight
173,KPCL0022,2025-05-04 23:42:11.954,"{'unit': '°C', 'value': 24.5, 'timestamp': '04/05/2025, 19:42:11'}",temperature
174,KPCL0022,2025-05-04 23:42:11.984,"{'unit': '%', 'value': 25.3, 'timestamp': '04/05/2025, 19:42:11'}",humidity
175,KPCL0022,2025-05-04 23:42:12.014,"{'unit': 'lux', 'value': 128, 'timestamp': '04/05/2025, 19:42:11'}",light
176,KPCL0022,2025-05-04 23:42:12.045,"{'unit': 'g', 'value': -0.155312, 'timestamp': '04/05/2025, 19:42:11'}",weight
177,KPCL0022,2025-05-04 23:42:17.004,"{'unit': '°C', 'value': 24.5, 'timestamp': '04/05/2025, 19:42:16'}",temperature
178,KPCL0022,2025-05-04 23:42:17.035,"{'unit': '%', 'value': 25.3, 'timestamp': '04/05/2025, 19:42:16'}",humidity
179,KPCL0022,2025-05-04 23:42:17.065,"{'unit': 'lux', 'value': 113, 'timestamp': '04/05/2025, 19:42:16'}",light
180,KPCL0022,2025-05-04 23:42:17.095,"{'unit': 'g', 'value': -0.136255, 'timestamp': '04/05/2025, 19:42:16'}",weight
181,KPCL0022,2025-05-04 23:42:21.973,"{'unit': '°C', 'value': 24.5, 'timestamp': '04/05/2025, 19:42:21'}",temperature
182,KPCL0022,2025-05-04 23:42:22.002,"{'unit': '%', 'value': 25.3, 'timestamp': '04/05/2025, 19:42:21'}",humidity
183,KPCL0022,2025-05-04 23:42:22.032,"{'unit': 'lux', 'value': 108, 'timestamp': '04/05/2025, 19:42:21'}",light
184,KPCL0022,2025-05-04 23:42:22.062,"{'unit': 'g', 'value': -0.139996, 'timestamp': '04/05/2025, 19:42:21'}",weight
185,KPCL0022,2025-05-04 23:42:26.948,"{'unit': '°C', 'value': 24.5, 'timestamp': '04/05/2025, 19:42:26'}",temperature
186,KPCL0022,2025-05-04 23:42:26.978,"{'unit': '%', 'value': 25.3, 'timestamp': '04/05/2025, 19:42:26'}",humidity
187,KPCL0022,2025-05-04 23:42:27.009,"{'unit': 'lux', 'value': 119, 'timestamp': '04/05/2025, 19:42:26'}",light
188,KPCL0022,2025-05-04 23:42:27.040,"{'unit': 'g', 'value': -0.121941, 'timestamp': '04/05/2025, 19:42:26'}",weight
189,KPCL0022,2025-05-04 23:42:31.989,"{'unit': '°C', 'value': 24.6, 'timestamp': '04/05/2025, 19:42:31'}",temperature
190,KPCL0022,2025-05-04 23:42:32.020,"{'unit': '%', 'value': 25.3, 'timestamp': '04/05/2025, 19:42:31'}",humidity
191,KPCL0022,2025-05-04 23:42:32.050,"{'unit': 'lux', 'value': 120, 'timestamp': '04/05/2025, 19:42:31'}",light
192,KPCL0022,2025-05-04 23:42:32.081,"{'unit': 'g', 'value': -0.126943, 'timestamp': '04/05/2025, 19:42:31'}",weight
193,KPCL0022,2025-05-04 23:42:36.949,"{'unit': '°C', 'value': 24.6, 'timestamp': '04/05/2025, 19:42:36'}",temperature
194,KPCL0022,2025-05-04 23:42:36.982,"{'unit': '%', 'value': 25.4, 'timestamp': '04/05/2025, 19:42:36'}",humidity
195,KPCL0022,2025-05-04 23:42:37.013,"{'unit': 'lux', 'value': 119, 'timestamp': '04/05/2025, 19:42:36'}",light
196,KPCL0022,2025-05-04 23:42:37.043,"{'unit': 'g', 'value': -0.091543, 'timestamp': '04/05/2025, 19:42:36'}",weight
197,KPCL0022,2025-05-04 23:42:42.000,"{'unit': '°C', 'value': 24.6, 'timestamp': '04/05/2025, 19:42:41'}",temperature
198,KPCL0022,2025-05-04 23:42:42.034,"{'unit': '%', 'value': 25.5, 'timestamp': '04/05/2025, 19:42:41'}",humidity
199,KPCL0022,2025-05-04 23:42:42.064,"{'unit': 'lux', 'value': 112, 'timestamp': '04/05/2025, 19:42:41'}",light
200,KPCL0022,2025-05-04 23:42:42.095,"{'unit': 'g', 'value': -0.110194, 'timestamp': '04/05/2025, 19:42:41'}",weight
201,KPCL0022,2025-05-04 23:42:46.964,"{'unit': '°C', 'value': 24.6, 'timestamp': '04/05/2025, 19:42:46'}",temperature
202,KPCL0022,2025-05-04 23:42:46.995,"{'unit': '%', 'value': 25.5, 'timestamp': '04/05/2025, 19:42:46'}",humidity
203,KPCL0022,2025-05-04 23:42:47.094,"{'unit': 'lux', 'value': 124, 'timestamp': '04/05/2025, 19:42:46'}",light
204,KPCL0022,2025-05-04 23:42:47.131,"{'unit': 'g', 'value': -0.120794, 'timestamp': '04/05/2025, 19:42:46'}",weight
205,KPCL0022,2025-05-04 23:42:52.019,"{'unit': '°C', 'value': 24.7, 'timestamp': '04/05/2025, 19:42:51'}",temperature
206,KPCL0022,2025-05-04 23:42:52.050,"{'unit': '%', 'value': 25.5, 'timestamp': '04/05/2025, 19:42:51'}",humidity
207,KPCL0022,2025-05-04 23:42:52.080,"{'unit': 'lux', 'value': 117, 'timestamp': '04/05/2025, 19:42:51'}",light
208,KPCL0022,2025-05-04 23:42:52.110,"{'unit': 'g', 'value': -0.060267, 'timestamp': '04/05/2025, 19:42:51'}",weight
209,KPCL0022,2025-05-04 23:42:56.977,"{'unit': '°C', 'value': 24.7, 'timestamp': '04/05/2025, 19:42:56'}",temperature
210,KPCL0022,2025-05-04 23:42:57.008,"{'unit': '%', 'value': 25.5, 'timestamp': '04/05/2025, 19:42:56'}",humidity
211,KPCL0022,2025-05-04 23:42:57.038,"{'unit': 'lux', 'value': 124, 'timestamp': '04/05/2025, 19:42:56'}",light
212,KPCL0022,2025-05-04 23:42:57.069,"{'unit': 'g', 'value': -0.08261, 'timestamp': '04/05/2025, 19:42:56'}",weight
213,KPCL0022,2025-05-04 23:43:01.942,"{'unit': '°C', 'value': 24.7, 'timestamp': '04/05/2025, 19:43:01'}",temperature
214,KPCL0022,2025-05-04 23:43:01.972,"{'unit': '%', 'value': 25.4, 'timestamp': '04/05/2025, 19:43:01'}",humidity
215,KPCL0022,2025-05-04 23:43:02.002,"{'unit': 'lux', 'value': 118, 'timestamp': '04/05/2025, 19:43:01'}",light
216,KPCL0022,2025-05-04 23:43:02.031,"{'unit': 'g', 'value': -0.126798, 'timestamp': '04/05/2025, 19:43:01'}",weight
217,KPCL0022,2025-05-04 23:43:06.993,"{'unit': '°C', 'value': 24.8, 'timestamp': '04/05/2025, 19:43:06'}",temperature
218,KPCL0022,2025-05-04 23:43:07.024,"{'unit': '%', 'value': 25.3, 'timestamp': '04/05/2025, 19:43:06'}",humidity
219,KPCL0022,2025-05-04 23:43:07.054,"{'unit': 'lux', 'value': 119, 'timestamp': '04/05/2025, 19:43:06'}",light
220,KPCL0022,2025-05-04 23:43:07.084,"{'unit': 'g', 'value': -0.145307, 'timestamp': '04/05/2025, 19:43:06'}",weight
221,KPCL0022,2025-05-04 23:43:11.955,"{'unit': '°C', 'value': 24.8, 'timestamp': '04/05/2025, 19:43:11'}",temperature
222,KPCL0022,2025-05-04 23:43:11.986,"{'unit': '%', 'value': 25.3, 'timestamp': '04/05/2025, 19:43:11'}",humidity
223,KPCL0022,2025-05-04 23:43:12.016,"{'unit': 'lux', 'value': 125, 'timestamp': '04/05/2025, 19:43:11'}",light
224,KPCL0022,2025-05-04 23:43:12.047,"{'unit': 'g', 'value': -0.170606, 'timestamp': '04/05/2025, 19:43:11'}",weight
225,KPCL0022,2025-05-04 23:43:17.009,"{'unit': '°C', 'value': 24.8, 'timestamp': '04/05/2025, 19:43:16'}",temperature
226,KPCL0022,2025-05-04 23:43:17.039,"{'unit': '%', 'value': 25.3, 'timestamp': '04/05/2025, 19:43:16'}",humidity
227,KPCL0022,2025-05-04 23:43:17.069,"{'unit': 'lux', 'value': 120, 'timestamp': '04/05/2025, 19:43:16'}",light
228,KPCL0022,2025-05-04 23:43:17.100,"{'unit': 'g', 'value': -0.157028, 'timestamp': '04/05/2025, 19:43:16'}",weight
229,KPCL0022,2025-05-04 23:43:22.059,"{'unit': '°C', 'value': 24.8, 'timestamp': '04/05/2025, 19:43:21'}",temperature
230,KPCL0022,2025-05-04 23:43:22.090,"{'unit': '%', 'value': 25.2, 'timestamp': '04/05/2025, 19:43:21'}",humidity
231,KPCL0022,2025-05-04 23:43:22.122,"{'unit': 'lux', 'value': 109, 'timestamp': '04/05/2025, 19:43:21'}",light
232,KPCL0022,2025-05-04 23:43:22.152,"{'unit': 'g', 'value': -0.140137, 'timestamp': '04/05/2025, 19:43:21'}",weight
233,KPCL0022,2025-05-04 23:43:27.021,"{'unit': '°C', 'value': 24.8, 'timestamp': '04/05/2025, 19:43:26'}",temperature
234,KPCL0022,2025-05-04 23:43:27.052,"{'unit': '%', 'value': 25.1, 'timestamp': '04/05/2025, 19:43:26'}",humidity
235,KPCL0022,2025-05-04 23:43:27.082,"{'unit': 'lux', 'value': 127, 'timestamp': '04/05/2025, 19:43:26'}",light
236,KPCL0022,2025-05-04 23:43:27.112,"{'unit': 'g', 'value': -0.143379, 'timestamp': '04/05/2025, 19:43:26'}",weight
237,KPCL0022,2025-05-04 23:43:32.071,"{'unit': '°C', 'value': 24.8, 'timestamp': '04/05/2025, 19:43:31'}",temperature
238,KPCL0022,2025-05-04 23:43:32.101,"{'unit': '%', 'value': 25.1, 'timestamp': '04/05/2025, 19:43:31'}",humidity
239,KPCL0022,2025-05-04 23:43:32.131,"{'unit': 'lux', 'value': 121, 'timestamp': '04/05/2025, 19:43:31'}",light
240,KPCL0022,2025-05-04 23:43:32.161,"{'unit': 'g', 'value': -0.146357, 'timestamp': '04/05/2025, 19:43:31'}",weight
241,KPCL0022,2025-05-04 23:43:37.043,"{'unit': '°C', 'value': 24.8, 'timestamp': '04/05/2025, 19:43:36'}",temperature
242,KPCL0022,2025-05-04 23:43:37.139,"{'unit': '%', 'value': 25.3, 'timestamp': '04/05/2025, 19:43:36'}",humidity
243,KPCL0022,2025-05-04 23:43:37.168,"{'unit': 'lux', 'value': 124, 'timestamp': '04/05/2025, 19:43:36'}",light
244,KPCL0022,2025-05-04 23:43:37.197,"{'unit': 'g', 'value': -0.109695, 'timestamp': '04/05/2025, 19:43:36'}",weight
245,KPCL0022,2025-05-04 23:43:42.095,"{'unit': '°C', 'value': 24.8, 'timestamp': '04/05/2025, 19:43:41'}",temperature
246,KPCL0022,2025-05-04 23:43:42.125,"{'unit': '%', 'value': 25.3, 'timestamp': '04/05/2025, 19:43:41'}",humidity
247,KPCL0022,2025-05-04 23:43:42.159,"{'unit': 'lux', 'value': 127, 'timestamp': '04/05/2025, 19:43:41'}",light
248,KPCL0022,2025-05-04 23:43:42.189,"{'unit': 'g', 'value': -0.098927, 'timestamp': '04/05/2025, 19:43:41'}",weight
249,KPCL0022,2025-05-04 23:43:47.051,"{'unit': '°C', 'value': 24.8, 'timestamp': '04/05/2025, 19:43:46'}",temperature
250,KPCL0022,2025-05-04 23:43:47.081,"{'unit': '%', 'value': 25.3, 'timestamp': '04/05/2025, 19:43:46'}",humidity
251,KPCL0022,2025-05-04 23:43:47.111,"{'unit': 'lux', 'value': 125, 'timestamp': '04/05/2025, 19:43:46'}",light
252,KPCL0022,2025-05-04 23:43:47.142,"{'unit': 'g', 'value': -0.132157, 'timestamp': '04/05/2025, 19:43:46'}",weight
253,KPCL0022,2025-05-04 23:43:52.021,"{'unit': '°C', 'value': 24.9, 'timestamp': '04/05/2025, 19:43:51'}",temperature
254,KPCL0022,2025-05-04 23:43:52.051,"{'unit': '%', 'value': 25.3, 'timestamp': '04/05/2025, 19:43:51'}",humidity
255,KPCL0022,2025-05-04 23:43:52.081,"{'unit': 'lux', 'value': 108, 'timestamp': '04/05/2025, 19:43:51'}",light
256,KPCL0022,2025-05-04 23:43:52.111,"{'unit': 'g', 'value': -0.121821, 'timestamp': '04/05/2025, 19:43:51'}",weight
257,KPCL0022,2025-05-04 23:43:57.064,"{'unit': '°C', 'value': 24.9, 'timestamp': '04/05/2025, 19:43:56'}",temperature
258,KPCL0022,2025-05-04 23:43:57.094,"{'unit': '%', 'value': 25.3, 'timestamp': '04/05/2025, 19:43:56'}",humidity
259,KPCL0022,2025-05-04 23:43:57.124,"{'unit': 'lux', 'value': 126, 'timestamp': '04/05/2025, 19:43:56'}",light
260,KPCL0022,2025-05-04 23:43:57.154,"{'unit': 'g', 'value': -0.107313, 'timestamp': '04/05/2025, 19:43:56'}",weight
261,KPCL0022,2025-05-04 23:44:02.026,"{'unit': '°C', 'value': 24.9, 'timestamp': '04/05/2025, 19:44:01'}",temperature
262,KPCL0022,2025-05-04 23:44:02.057,"{'unit': '%', 'value': 25.4, 'timestamp': '04/05/2025, 19:44:01'}",humidity
263,KPCL0022,2025-05-04 23:44:02.087,"{'unit': 'lux', 'value': 107, 'timestamp': '04/05/2025, 19:44:01'}",light
264,KPCL0022,2025-05-04 23:44:02.117,"{'unit': 'g', 'value': -0.126321, 'timestamp': '04/05/2025, 19:44:01'}",weight
265,KPCL0022,2025-05-04 23:44:07.091,"{'unit': '°C', 'value': 25, 'timestamp': '04/05/2025, 19:44:06'}",temperature
266,KPCL0022,2025-05-04 23:44:07.122,"{'unit': '%', 'value': 25.3, 'timestamp': '04/05/2025, 19:44:06'}",humidity
267,KPCL0022,2025-05-04 23:44:07.152,"{'unit': 'lux', 'value': 120, 'timestamp': '04/05/2025, 19:44:06'}",light
268,KPCL0022,2025-05-04 23:44:07.182,"{'unit': 'g', 'value': -0.115866, 'timestamp': '04/05/2025, 19:44:06'}",weight
269,KPCL0022,2025-05-04 23:44:12.040,"{'unit': '°C', 'value': 25, 'timestamp': '04/05/2025, 19:44:11'}",temperature
270,KPCL0022,2025-05-04 23:44:12.071,"{'unit': '%', 'value': 25.3, 'timestamp': '04/05/2025, 19:44:11'}",humidity
271,KPCL0022,2025-05-04 23:44:12.101,"{'unit': 'lux', 'value': 120, 'timestamp': '04/05/2025, 19:44:11'}",light
272,KPCL0022,2025-05-04 23:44:12.131,"{'unit': 'g', 'value': -0.117746, 'timestamp': '04/05/2025, 19:44:11'}",weight
273,KPCL0022,2025-05-04 23:44:17.087,"{'unit': '°C', 'value': 25, 'timestamp': '04/05/2025, 19:44:16'}",temperature
274,KPCL0022,2025-05-04 23:44:17.117,"{'unit': '%', 'value': 25.3, 'timestamp': '04/05/2025, 19:44:16'}",humidity
275,KPCL0022,2025-05-04 23:44:17.146,"{'unit': 'lux', 'value': 121, 'timestamp': '04/05/2025, 19:44:16'}",light
276,KPCL0022,2025-05-04 23:44:17.256,"{'unit': 'g', 'value': -0.136185, 'timestamp': '04/05/2025, 19:44:16'}",weight
277,KPCL0022,2025-05-04 23:44:22.051,"{'unit': '°C', 'value': 25, 'timestamp': '04/05/2025, 19:44:21'}",temperature
278,KPCL0022,2025-05-04 23:44:22.082,"{'unit': '%', 'value': 25.2, 'timestamp': '04/05/2025, 19:44:21'}",humidity
279,KPCL0022,2025-05-04 23:44:22.112,"{'unit': 'lux', 'value': 123, 'timestamp': '04/05/2025, 19:44:21'}",light
280,KPCL0022,2025-05-04 23:44:22.142,"{'unit': 'g', 'value': -0.123965, 'timestamp': '04/05/2025, 19:44:21'}",weight
281,KPCL0022,2025-05-04 23:44:27.013,"{'unit': '°C', 'value': 25, 'timestamp': '04/05/2025, 19:44:26'}",temperature
282,KPCL0022,2025-05-04 23:44:27.044,"{'unit': '%', 'value': 25.2, 'timestamp': '04/05/2025, 19:44:26'}",humidity
283,KPCL0022,2025-05-04 23:44:27.074,"{'unit': 'lux', 'value': 121, 'timestamp': '04/05/2025, 19:44:26'}",light
284,KPCL0022,2025-05-04 23:44:27.105,"{'unit': 'g', 'value': -0.118222, 'timestamp': '04/05/2025, 19:44:26'}",weight
285,KPCL0022,2025-05-04 23:44:32.065,"{'unit': '°C', 'value': 25, 'timestamp': '04/05/2025, 19:44:31'}",temperature
286,KPCL0022,2025-05-04 23:44:32.096,"{'unit': '%', 'value': 25.2, 'timestamp': '04/05/2025, 19:44:31'}",humidity
287,KPCL0022,2025-05-04 23:44:32.125,"{'unit': 'lux', 'value': 126, 'timestamp': '04/05/2025, 19:44:31'}",light
288,KPCL0022,2025-05-04 23:44:32.155,"{'unit': 'g', 'value': -0.105169, 'timestamp': '04/05/2025, 19:44:31'}",weight
289,KPCL0022,2025-05-04 23:44:37.030,"{'unit': '°C', 'value': 25, 'timestamp': '04/05/2025, 19:44:36'}",temperature
290,KPCL0022,2025-05-04 23:44:37.061,"{'unit': '%', 'value': 24.8, 'timestamp': '04/05/2025, 19:44:36'}",humidity
291,KPCL0022,2025-05-04 23:44:37.093,"{'unit': 'lux', 'value': 118, 'timestamp': '04/05/2025, 19:44:36'}",light
292,KPCL0022,2025-05-04 23:44:37.123,"{'unit': 'g', 'value': -0.109695, 'timestamp': '04/05/2025, 19:44:36'}",weight
293,KPCL0022,2025-05-04 23:44:42.080,"{'unit': '°C', 'value': 25, 'timestamp': '04/05/2025, 19:44:41'}",temperature
294,KPCL0022,2025-05-04 23:44:42.110,"{'unit': '%', 'value': 24.8, 'timestamp': '04/05/2025, 19:44:41'}",humidity
295,KPCL0022,2025-05-04 23:44:42.141,"{'unit': 'lux', 'value': 111, 'timestamp': '04/05/2025, 19:44:41'}",light
296,KPCL0022,2025-05-04 23:44:42.171,"{'unit': 'g', 'value': -0.096117, 'timestamp': '04/05/2025, 19:44:41'}",weight
297,KPCL0022,2025-05-04 23:44:47.042,"{'unit': '°C', 'value': 25, 'timestamp': '04/05/2025, 19:44:46'}",temperature
298,KPCL0022,2025-05-04 23:44:47.075,"{'unit': '%', 'value': 24.8, 'timestamp': '04/05/2025, 19:44:46'}",humidity
299,KPCL0022,2025-05-04 23:44:47.104,"{'unit': 'lux', 'value': 117, 'timestamp': '04/05/2025, 19:44:46'}",light
300,KPCL0022,2025-05-04 23:44:47.134,"{'unit': 'g', 'value': -0.122082, 'timestamp': '04/05/2025, 19:44:46'}",weight
301,KPCL0022,2025-05-04 23:44:52.090,"{'unit': '°C', 'value': 25, 'timestamp': '04/05/2025, 19:44:51'}",temperature
302,KPCL0022,2025-05-04 23:44:52.120,"{'unit': '%', 'value': 24.8, 'timestamp': '04/05/2025, 19:44:51'}",humidity
303,KPCL0022,2025-05-04 23:44:52.150,"{'unit': 'lux', 'value': 118, 'timestamp': '04/05/2025, 19:44:51'}",light
304,KPCL0022,2025-05-04 23:44:52.182,"{'unit': 'g', 'value': -0.117128, 'timestamp': '04/05/2025, 19:44:51'}",weight
305,KPCL0022,2025-05-04 23:44:57.054,"{'unit': '°C', 'value': 25, 'timestamp': '04/05/2025, 19:44:56'}",temperature
306,KPCL0022,2025-05-04 23:44:57.085,"{'unit': '%', 'value': 24.7, 'timestamp': '04/05/2025, 19:44:56'}",humidity
307,KPCL0022,2025-05-04 23:44:57.115,"{'unit': 'lux', 'value': 116, 'timestamp': '04/05/2025, 19:44:56'}",light
308,KPCL0022,2025-05-04 23:44:57.145,"{'unit': 'g', 'value': -0.084732, 'timestamp': '04/05/2025, 19:44:56'}",weight
309,KPCL0022,2025-05-04 23:45:02.106,"{'unit': '°C', 'value': 25.1, 'timestamp': '04/05/2025, 19:45:01'}",temperature
310,KPCL0022,2025-05-04 23:45:02.136,"{'unit': '%', 'value': 24.8, 'timestamp': '04/05/2025, 19:45:01'}",humidity
311,KPCL0022,2025-05-04 23:45:02.171,"{'unit': 'lux', 'value': 111, 'timestamp': '04/05/2025, 19:45:01'}",light
312,KPCL0022,2025-05-04 23:45:02.201,"{'unit': 'g', 'value': -0.067223, 'timestamp': '04/05/2025, 19:45:01'}",weight
313,KPCL0022,2025-05-04 23:45:07.073,"{'unit': '°C', 'value': 25.1, 'timestamp': '04/05/2025, 19:45:06'}",temperature
314,KPCL0022,2025-05-04 23:45:07.104,"{'unit': '%', 'value': 24.7, 'timestamp': '04/05/2025, 19:45:06'}",humidity
315,KPCL0022,2025-05-04 23:45:07.134,"{'unit': 'lux', 'value': 116, 'timestamp': '04/05/2025, 19:45:06'}",light
316,KPCL0022,2025-05-04 23:45:07.164,"{'unit': 'g', 'value': -0.059433, 'timestamp': '04/05/2025, 19:45:06'}",weight
317,KPCL0022,2025-05-04 23:45:12.047,"{'unit': '°C', 'value': 25.1, 'timestamp': '04/05/2025, 19:45:11'}",temperature
318,KPCL0022,2025-05-04 23:45:12.078,"{'unit': '%', 'value': 24.7, 'timestamp': '04/05/2025, 19:45:11'}",humidity
319,KPCL0022,2025-05-04 23:45:12.108,"{'unit': 'lux', 'value': 115, 'timestamp': '04/05/2025, 19:45:11'}",light
320,KPCL0022,2025-05-04 23:45:12.138,"{'unit': 'g', 'value': -0.098045, 'timestamp': '04/05/2025, 19:45:11'}",weight
321,KPCL0022,2025-05-04 23:45:17.088,"{'unit': '°C', 'value': 25.2, 'timestamp': '04/05/2025, 19:45:16'}",temperature
322,KPCL0022,2025-05-04 23:45:17.120,"{'unit': '%', 'value': 24.7, 'timestamp': '04/05/2025, 19:45:16'}",humidity
323,KPCL0022,2025-05-04 23:45:17.151,"{'unit': 'lux', 'value': 109, 'timestamp': '04/05/2025, 19:45:16'}",light
324,KPCL0022,2025-05-04 23:45:17.181,"{'unit': 'g', 'value': -0.12768, 'timestamp': '04/05/2025, 19:45:16'}",weight
325,KPCL0022,2025-05-04 23:45:22.041,"{'unit': '°C', 'value': 25.2, 'timestamp': '04/05/2025, 19:45:21'}",temperature
326,KPCL0022,2025-05-04 23:45:22.072,"{'unit': '%', 'value': 24.7, 'timestamp': '04/05/2025, 19:45:21'}",humidity
327,KPCL0022,2025-05-04 23:45:22.101,"{'unit': 'lux', 'value': 117, 'timestamp': '04/05/2025, 19:45:21'}",light
328,KPCL0022,2025-05-04 23:45:22.130,"{'unit': 'g', 'value': -0.116555, 'timestamp': '04/05/2025, 19:45:21'}",weight
329,KPCL0022,2025-05-04 23:45:27.098,"{'unit': '°C', 'value': 25.2, 'timestamp': '04/05/2025, 19:45:26'}",temperature
330,KPCL0022,2025-05-04 23:45:27.128,"{'unit': '%', 'value': 24.7, 'timestamp': '04/05/2025, 19:45:26'}",humidity
331,KPCL0022,2025-05-04 23:45:27.158,"{'unit': 'lux', 'value': 124, 'timestamp': '04/05/2025, 19:45:26'}",light
332,KPCL0022,2025-05-04 23:45:27.189,"{'unit': 'g', 'value': -0.111124, 'timestamp': '04/05/2025, 19:45:26'}",weight
333,KPCL0022,2025-05-04 23:45:32.054,"{'unit': '°C', 'value': 25.2, 'timestamp': '04/05/2025, 19:45:31'}",temperature
334,KPCL0022,2025-05-04 23:45:32.083,"{'unit': '%', 'value': 24.7, 'timestamp': '04/05/2025, 19:45:31'}",humidity
335,KPCL0022,2025-05-04 23:45:32.114,"{'unit': 'lux', 'value': 114, 'timestamp': '04/05/2025, 19:45:31'}",light
336,KPCL0022,2025-05-04 23:45:32.144,"{'unit': 'g', 'value': -0.130371, 'timestamp': '04/05/2025, 19:45:31'}",weight
337,KPCL0022,2025-05-04 23:45:37.105,"{'unit': '°C', 'value': 25.3, 'timestamp': '04/05/2025, 19:45:36'}",temperature
338,KPCL0022,2025-05-04 23:45:37.136,"{'unit': '%', 'value': 24.7, 'timestamp': '04/05/2025, 19:45:36'}",humidity
339,KPCL0022,2025-05-04 23:45:37.166,"{'unit': 'lux', 'value': 111, 'timestamp': '04/05/2025, 19:45:36'}",light
340,KPCL0022,2025-05-04 23:45:37.196,"{'unit': 'g', 'value': -0.127464, 'timestamp': '04/05/2025, 19:45:36'}",weight
341,KPCL0022,2025-05-04 23:45:42.065,"{'unit': '°C', 'value': 25.3, 'timestamp': '04/05/2025, 19:45:41'}",temperature
342,KPCL0022,2025-05-04 23:45:42.095,"{'unit': '%', 'value': 24.7, 'timestamp': '04/05/2025, 19:45:41'}",humidity
343,KPCL0022,2025-05-04 23:45:42.125,"{'unit': 'lux', 'value': 111, 'timestamp': '04/05/2025, 19:45:41'}",light
344,KPCL0022,2025-05-04 23:45:42.155,"{'unit': 'g', 'value': -0.126775, 'timestamp': '04/05/2025, 19:45:41'}",weight
345,KPCL0022,2025-05-04 23:45:47.029,"{'unit': '°C', 'value': 25.3, 'timestamp': '04/05/2025, 19:45:46'}",temperature
346,KPCL0022,2025-05-04 23:45:47.059,"{'unit': '%', 'value': 24.7, 'timestamp': '04/05/2025, 19:45:46'}",humidity
347,KPCL0022,2025-05-04 23:45:47.090,"{'unit': 'lux', 'value': 125, 'timestamp': '04/05/2025, 19:45:46'}",light
348,KPCL0022,2025-05-04 23:45:47.121,"{'unit': 'g', 'value': -0.111839, 'timestamp': '04/05/2025, 19:45:46'}",weight
349,KPCL0022,2025-05-04 23:45:52.082,"{'unit': '°C', 'value': 25.3, 'timestamp': '04/05/2025, 19:45:51'}",temperature
350,KPCL0022,2025-05-04 23:45:52.113,"{'unit': '%', 'value': 24.7, 'timestamp': '04/05/2025, 19:45:51'}",humidity
351,KPCL0022,2025-05-04 23:45:52.143,"{'unit': 'lux', 'value': 124, 'timestamp': '04/05/2025, 19:45:51'}",light
352,KPCL0022,2025-05-04 23:45:52.172,"{'unit': 'g', 'value': -0.089875, 'timestamp': '04/05/2025, 19:45:51'}",weight
353,KPCL0022,2025-05-04 23:45:57.036,"{'unit': '°C', 'value': 25.3, 'timestamp': '04/05/2025, 19:45:56'}",temperature
354,KPCL0022,2025-05-04 23:45:57.067,"{'unit': '%', 'value': 24.7, 'timestamp': '04/05/2025, 19:45:56'}",humidity
355,KPCL0022,2025-05-04 23:45:57.097,"{'unit': 'lux', 'value': 116, 'timestamp': '04/05/2025, 19:45:56'}",light
356,KPCL0022,2025-05-04 23:45:57.127,"{'unit': 'g', 'value': -0.127442, 'timestamp': '04/05/2025, 19:45:56'}",weight
357,KPCL0022,2025-05-04 23:46:02.092,"{'unit': '°C', 'value': 25.3, 'timestamp': '04/05/2025, 19:46:01'}",temperature
358,KPCL0022,2025-05-04 23:46:02.122,"{'unit': '%', 'value': 24.7, 'timestamp': '04/05/2025, 19:46:01'}",humidity
359,KPCL0022,2025-05-04 23:46:02.152,"{'unit': 'lux', 'value': 112, 'timestamp': '04/05/2025, 19:46:01'}",light
360,KPCL0022,2025-05-04 23:46:02.182,"{'unit': 'g', 'value': -0.113052, 'timestamp': '04/05/2025, 19:46:01'}",weight
361,KPCL0022,2025-05-04 23:46:07.054,"{'unit': '°C', 'value': 25.3, 'timestamp': '04/05/2025, 19:46:06'}",temperature
362,KPCL0022,2025-05-04 23:46:07.085,"{'unit': '%', 'value': 24.6, 'timestamp': '04/05/2025, 19:46:06'}",humidity
363,KPCL0022,2025-05-04 23:46:07.115,"{'unit': 'lux', 'value': 125, 'timestamp': '04/05/2025, 19:46:06'}",light
364,KPCL0022,2025-05-04 23:46:07.146,"{'unit': 'g', 'value': -0.070867, 'timestamp': '04/05/2025, 19:46:06'}",weight
365,KPCL0022,2025-05-04 23:46:12.104,"{'unit': '°C', 'value': 25.3, 'timestamp': '04/05/2025, 19:46:11'}",temperature
366,KPCL0022,2025-05-04 23:46:12.134,"{'unit': '%', 'value': 24.6, 'timestamp': '04/05/2025, 19:46:11'}",humidity
367,KPCL0022,2025-05-04 23:46:12.165,"{'unit': 'lux', 'value': 108, 'timestamp': '04/05/2025, 19:46:11'}",light
368,KPCL0022,2025-05-04 23:46:12.195,"{'unit': 'g', 'value': -0.079134, 'timestamp': '04/05/2025, 19:46:11'}",weight
369,KPCL0022,2025-05-04 23:46:17.069,"{'unit': '°C', 'value': 25.3, 'timestamp': '04/05/2025, 19:46:16'}",temperature
370,KPCL0022,2025-05-04 23:46:17.100,"{'unit': '%', 'value': 24.7, 'timestamp': '04/05/2025, 19:46:16'}",humidity
371,KPCL0022,2025-05-04 23:46:17.130,"{'unit': 'lux', 'value': 121, 'timestamp': '04/05/2025, 19:46:16'}",light
372,KPCL0022,2025-05-04 23:46:17.161,"{'unit': 'g', 'value': -0.08504, 'timestamp': '04/05/2025, 19:46:16'}",weight
373,KPCL0022,2025-05-04 23:46:22.118,"{'unit': '°C', 'value': 25.3, 'timestamp': '04/05/2025, 19:46:21'}",temperature
374,KPCL0022,2025-05-04 23:46:22.148,"{'unit': '%', 'value': 24.7, 'timestamp': '04/05/2025, 19:46:21'}",humidity
375,KPCL0022,2025-05-04 23:46:22.178,"{'unit': 'lux', 'value': 129, 'timestamp': '04/05/2025, 19:46:21'}",light
376,KPCL0022,2025-05-04 23:46:22.208,"{'unit': 'g', 'value': -0.088137, 'timestamp': '04/05/2025, 19:46:21'}",weight
377,KPCL0022,2025-05-04 23:46:27.131,"{'unit': '°C', 'value': 25.4, 'timestamp': '04/05/2025, 19:46:26'}",temperature
378,KPCL0022,2025-05-04 23:46:27.161,"{'unit': '%', 'value': 24.7, 'timestamp': '04/05/2025, 19:46:26'}",humidity
379,KPCL0022,2025-05-04 23:46:27.191,"{'unit': 'lux', 'value': 125, 'timestamp': '04/05/2025, 19:46:26'}",light
380,KPCL0022,2025-05-04 23:46:27.222,"{'unit': 'g', 'value': -0.091066, 'timestamp': '04/05/2025, 19:46:26'}",weight
381,KPCL0022,2025-05-04 23:46:32.038,"{'unit': '°C', 'value': 25.4, 'timestamp': '04/05/2025, 19:46:31'}",temperature
382,KPCL0022,2025-05-04 23:46:32.068,"{'unit': '%', 'value': 24.7, 'timestamp': '04/05/2025, 19:46:31'}",humidity
383,KPCL0022,2025-05-04 23:46:32.099,"{'unit': 'lux', 'value': 110, 'timestamp': '04/05/2025, 19:46:31'}",light
384,KPCL0022,2025-05-04 23:46:32.129,"{'unit': 'g', 'value': -0.082681, 'timestamp': '04/05/2025, 19:46:31'}",weight
385,KPCL0022,2025-05-04 23:46:37.090,"{'unit': '°C', 'value': 25.4, 'timestamp': '04/05/2025, 19:46:36'}",temperature
386,KPCL0022,2025-05-04 23:46:37.121,"{'unit': '%', 'value': 24.5, 'timestamp': '04/05/2025, 19:46:36'}",humidity
387,KPCL0022,2025-05-04 23:46:37.151,"{'unit': 'lux', 'value': 114, 'timestamp': '04/05/2025, 19:46:36'}",light
388,KPCL0022,2025-05-04 23:46:37.181,"{'unit': 'g', 'value': -0.093091, 'timestamp': '04/05/2025, 19:46:36'}",weight
389,KPCL0022,2025-05-04 23:46:42.053,"{'unit': '°C', 'value': 25.4, 'timestamp': '04/05/2025, 19:46:41'}",temperature
390,KPCL0022,2025-05-04 23:46:42.083,"{'unit': '%', 'value': 24.5, 'timestamp': '04/05/2025, 19:46:41'}",humidity
391,KPCL0022,2025-05-04 23:46:42.113,"{'unit': 'lux', 'value': 129, 'timestamp': '04/05/2025, 19:46:41'}",light
392,KPCL0022,2025-05-04 23:46:42.142,"{'unit': 'g', 'value': -0.097833, 'timestamp': '04/05/2025, 19:46:41'}",weight
393,KPCL0022,2025-05-05 00:08:50.956,"{'unit': '°C', 'value': 23.8, 'timestamp': '04/05/2025, 20:08:50'}",temperature
394,KPCL0022,2025-05-05 00:08:51.004,"{'unit': '%', 'value': 29, 'timestamp': '04/05/2025, 20:08:50'}",humidity
395,KPCL0022,2025-05-05 00:08:51.034,"{'unit': 'lux', 'value': 39, 'timestamp': '04/05/2025, 20:08:50'}",light
396,KPCL0022,2025-05-05 00:08:51.064,"{'unit': 'g', 'value': -0.008386, 'timestamp': '04/05/2025, 20:08:50'}",weight
397,KPCL0022,2025-05-05 00:08:55.712,"{'unit': '°C', 'value': 23.7, 'timestamp': '04/05/2025, 20:08:55'}",temperature
398,KPCL0022,2025-05-05 00:08:55.743,"{'unit': '%', 'value': 28.9, 'timestamp': '04/05/2025, 20:08:55'}",humidity
399,KPCL0022,2025-05-05 00:08:55.774,"{'unit': 'lux', 'value': 39, 'timestamp': '04/05/2025, 20:08:55'}",light
400,KPCL0022,2025-05-05 00:08:55.805,"{'unit': 'g', 'value': 0.200739, 'timestamp': '04/05/2025, 20:08:55'}",weight
401,KPCL0022,2025-05-05 00:09:00.800,"{'unit': '°C', 'value': 23.6, 'timestamp': '04/05/2025, 20:09:00'}",temperature
402,KPCL0022,2025-05-05 00:09:00.830,"{'unit': '%', 'value': 28.8, 'timestamp': '04/05/2025, 20:09:00'}",humidity
403,KPCL0022,2025-05-05 00:09:00.861,"{'unit': 'lux', 'value': 42, 'timestamp': '04/05/2025, 20:09:00'}",light
404,KPCL0022,2025-05-05 00:09:00.892,"{'unit': 'g', 'value': 0.157359, 'timestamp': '04/05/2025, 20:09:00'}",weight
405,KPCL0022,2025-05-05 00:09:05.719,"{'unit': '°C', 'value': 23.6, 'timestamp': '04/05/2025, 20:09:05'}",temperature
406,KPCL0022,2025-05-05 00:09:05.749,"{'unit': '%', 'value': 28.7, 'timestamp': '04/05/2025, 20:09:05'}",humidity
407,KPCL0022,2025-05-05 00:09:05.780,"{'unit': 'lux', 'value': 39, 'timestamp': '04/05/2025, 20:09:05'}",light
408,KPCL0022,2025-05-05 00:09:05.810,"{'unit': 'g', 'value': 0.142188, 'timestamp': '04/05/2025, 20:09:05'}",weight
409,KPCL0022,2025-05-05 00:09:10.771,"{'unit': '°C', 'value': 23.5, 'timestamp': '04/05/2025, 20:09:10'}",temperature
410,KPCL0022,2025-05-05 00:09:10.802,"{'unit': '%', 'value': 28.7, 'timestamp': '04/05/2025, 20:09:10'}",humidity
411,KPCL0022,2025-05-05 00:09:10.832,"{'unit': 'lux', 'value': 42, 'timestamp': '04/05/2025, 20:09:10'}",light
412,KPCL0022,2025-05-05 00:09:10.863,"{'unit': 'g', 'value': 0.153645, 'timestamp': '04/05/2025, 20:09:10'}",weight
413,KPCL0022,2025-05-05 00:09:15.726,"{'unit': '°C', 'value': 23.5, 'timestamp': '04/05/2025, 20:09:15'}",temperature
414,KPCL0022,2025-05-05 00:09:15.756,"{'unit': '%', 'value': 28.7, 'timestamp': '04/05/2025, 20:09:15'}",humidity
415,KPCL0022,2025-05-05 00:09:15.786,"{'unit': 'lux', 'value': 40, 'timestamp': '04/05/2025, 20:09:15'}",light
416,KPCL0022,2025-05-05 00:09:15.817,"{'unit': 'g', 'value': 0.151192, 'timestamp': '04/05/2025, 20:09:15'}",weight
417,KPCL0022,2025-05-05 00:09:20.774,"{'unit': '°C', 'value': 23.4, 'timestamp': '04/05/2025, 20:09:20'}",temperature
418,KPCL0022,2025-05-05 00:09:20.804,"{'unit': '%', 'value': 28.7, 'timestamp': '04/05/2025, 20:09:20'}",humidity
419,KPCL0022,2025-05-05 00:09:20.833,"{'unit': 'lux', 'value': 42, 'timestamp': '04/05/2025, 20:09:20'}",light
420,KPCL0022,2025-05-05 00:09:20.863,"{'unit': 'g', 'value': 0.123965, 'timestamp': '04/05/2025, 20:09:20'}",weight
421,KPCL0022,2025-05-05 00:09:25.734,"{'unit': '°C', 'value': 23.4, 'timestamp': '04/05/2025, 20:09:25'}",temperature
422,KPCL0022,2025-05-05 00:09:25.764,"{'unit': '%', 'value': 28.7, 'timestamp': '04/05/2025, 20:09:25'}",humidity
423,KPCL0022,2025-05-05 00:09:25.795,"{'unit': 'lux', 'value': 41, 'timestamp': '04/05/2025, 20:09:25'}",light
424,KPCL0022,2025-05-05 00:09:25.825,"{'unit': 'g', 'value': 0.115222, 'timestamp': '04/05/2025, 20:09:25'}",weight
425,KPCL0022,2025-05-05 00:09:30.698,"{'unit': '°C', 'value': 23.3, 'timestamp': '04/05/2025, 20:09:30'}",temperature
426,KPCL0022,2025-05-05 00:09:30.727,"{'unit': '%', 'value': 28.6, 'timestamp': '04/05/2025, 20:09:30'}",humidity
427,KPCL0022,2025-05-05 00:09:30.758,"{'unit': 'lux', 'value': 37, 'timestamp': '04/05/2025, 20:09:30'}",light
428,KPCL0022,2025-05-05 00:09:30.788,"{'unit': 'g', 'value': 0.116674, 'timestamp': '04/05/2025, 20:09:30'}",weight
429,KPCL0022,2025-05-05 00:09:35.745,"{'unit': '°C', 'value': 23.3, 'timestamp': '04/05/2025, 20:09:35'}",temperature
430,KPCL0022,2025-05-05 00:09:35.776,"{'unit': '%', 'value': 28.7, 'timestamp': '04/05/2025, 20:09:35'}",humidity
431,KPCL0022,2025-05-05 00:09:35.807,"{'unit': 'lux', 'value': 43, 'timestamp': '04/05/2025, 20:09:35'}",light
432,KPCL0022,2025-05-05 00:09:35.837,"{'unit': 'g', 'value': 0.093449, 'timestamp': '04/05/2025, 20:09:35'}",weight
433,KPCL0022,2025-05-05 00:09:40.704,"{'unit': '°C', 'value': 23.2, 'timestamp': '04/05/2025, 20:09:40'}",temperature
434,KPCL0022,2025-05-05 00:09:40.734,"{'unit': '%', 'value': 28.9, 'timestamp': '04/05/2025, 20:09:40'}",humidity
435,KPCL0022,2025-05-05 00:09:40.766,"{'unit': 'lux', 'value': 43, 'timestamp': '04/05/2025, 20:09:40'}",light
436,KPCL0022,2025-05-05 00:09:40.806,"{'unit': 'g', 'value': 0.080969, 'timestamp': '04/05/2025, 20:09:40'}",weight
437,KPCL0022,2025-05-05 00:09:45.754,"{'unit': '°C', 'value': 23.2, 'timestamp': '04/05/2025, 20:09:45'}",temperature
438,KPCL0022,2025-05-05 00:09:45.786,"{'unit': '%', 'value': 28.9, 'timestamp': '04/05/2025, 20:09:45'}",humidity
439,KPCL0022,2025-05-05 00:09:45.817,"{'unit': 'lux', 'value': 40, 'timestamp': '04/05/2025, 20:09:45'}",light
440,KPCL0022,2025-05-05 00:09:45.847,"{'unit': 'g', 'value': 0.109814, 'timestamp': '04/05/2025, 20:09:45'}",weight
441,KPCL0022,2025-05-05 00:09:50.721,"{'unit': '°C', 'value': 23.1, 'timestamp': '04/05/2025, 20:09:50'}",temperature
442,KPCL0022,2025-05-05 00:09:50.751,"{'unit': '%', 'value': 28.8, 'timestamp': '04/05/2025, 20:09:50'}",humidity
443,KPCL0022,2025-05-05 00:09:50.782,"{'unit': 'lux', 'value': 42, 'timestamp': '04/05/2025, 20:09:50'}",light
444,KPCL0022,2025-05-05 00:09:50.812,"{'unit': 'g', 'value': 0.10093, 'timestamp': '04/05/2025, 20:09:50'}",weight
445,KPCL0022,2025-05-05 00:09:55.780,"{'unit': '°C', 'value': 23.1, 'timestamp': '04/05/2025, 20:09:55'}",temperature
446,KPCL0022,2025-05-05 00:09:55.811,"{'unit': '%', 'value': 28.8, 'timestamp': '04/05/2025, 20:09:55'}",humidity
447,KPCL0022,2025-05-05 00:09:55.841,"{'unit': 'lux', 'value': 40, 'timestamp': '04/05/2025, 20:09:55'}",light
448,KPCL0022,2025-05-05 00:09:55.872,"{'unit': 'g', 'value': 0.083634, 'timestamp': '04/05/2025, 20:09:55'}",weight
449,KPCL0022,2025-05-05 00:10:00.721,"{'unit': '°C', 'value': 23.1, 'timestamp': '04/05/2025, 20:10:00'}",temperature
450,KPCL0022,2025-05-05 00:10:00.752,"{'unit': '%', 'value': 28.8, 'timestamp': '04/05/2025, 20:10:00'}",humidity
451,KPCL0022,2025-05-05 00:10:00.782,"{'unit': 'lux', 'value': 42, 'timestamp': '04/05/2025, 20:10:00'}",light
452,KPCL0022,2025-05-05 00:10:00.813,"{'unit': 'g', 'value': 0.113339, 'timestamp': '04/05/2025, 20:10:00'}",weight
453,KPCL0022,2025-05-05 00:10:05.776,"{'unit': '°C', 'value': 23, 'timestamp': '04/05/2025, 20:10:05'}",temperature
454,KPCL0022,2025-05-05 00:10:05.806,"{'unit': '%', 'value': 28.9, 'timestamp': '04/05/2025, 20:10:05'}",humidity
455,KPCL0022,2025-05-05 00:10:05.836,"{'unit': 'lux', 'value': 42, 'timestamp': '04/05/2025, 20:10:05'}",light
456,KPCL0022,2025-05-05 00:10:05.869,"{'unit': 'g', 'value': 0.107172, 'timestamp': '04/05/2025, 20:10:05'}",weight
457,KPCL0022,2025-05-05 00:10:10.732,"{'unit': '°C', 'value': 23, 'timestamp': '04/05/2025, 20:10:10'}",temperature
458,KPCL0022,2025-05-05 00:10:10.763,"{'unit': '%', 'value': 28.9, 'timestamp': '04/05/2025, 20:10:10'}",humidity
459,KPCL0022,2025-05-05 00:10:10.795,"{'unit': 'lux', 'value': 42, 'timestamp': '04/05/2025, 20:10:10'}",light
460,KPCL0022,2025-05-05 00:10:10.826,"{'unit': 'g', 'value': 0.100405, 'timestamp': '04/05/2025, 20:10:10'}",weight
461,KPCL0022,2025-05-05 00:10:15.782,"{'unit': '°C', 'value': 23, 'timestamp': '04/05/2025, 20:10:15'}",temperature
462,KPCL0022,2025-05-05 00:10:15.814,"{'unit': '%', 'value': 29.1, 'timestamp': '04/05/2025, 20:10:15'}",humidity
463,KPCL0022,2025-05-05 00:10:15.844,"{'unit': 'lux', 'value': 39, 'timestamp': '04/05/2025, 20:10:15'}",light
464,KPCL0022,2025-05-05 00:10:15.875,"{'unit': 'g', 'value': 0.083492, 'timestamp': '04/05/2025, 20:10:15'}",weight
465,KPCL0022,2025-05-05 00:10:20.738,"{'unit': '°C', 'value': 23, 'timestamp': '04/05/2025, 20:10:20'}",temperature
466,KPCL0022,2025-05-05 00:10:20.769,"{'unit': '%', 'value': 29.1, 'timestamp': '04/05/2025, 20:10:20'}",humidity
467,KPCL0022,2025-05-05 00:10:20.801,"{'unit': 'lux', 'value': 40, 'timestamp': '04/05/2025, 20:10:20'}",light
468,KPCL0022,2025-05-05 00:10:20.831,"{'unit': 'g', 'value': 0.09209, 'timestamp': '04/05/2025, 20:10:20'}",weight
469,KPCL0022,2025-05-05 00:10:25.790,"{'unit': '°C', 'value': 23, 'timestamp': '04/05/2025, 20:10:25'}",temperature
470,KPCL0022,2025-05-05 00:10:25.821,"{'unit': '%', 'value': 29.7, 'timestamp': '04/05/2025, 20:10:25'}",humidity
471,KPCL0022,2025-05-05 00:10:25.852,"{'unit': 'lux', 'value': 42, 'timestamp': '04/05/2025, 20:10:25'}",light
472,KPCL0022,2025-05-05 00:10:25.882,"{'unit': 'g', 'value': 0.078706, 'timestamp': '04/05/2025, 20:10:25'}",weight
473,KPCL0022,2025-05-05 00:10:30.749,"{'unit': '°C', 'value': 23, 'timestamp': '04/05/2025, 20:10:30'}",temperature
474,KPCL0022,2025-05-05 00:10:30.779,"{'unit': '%', 'value': 29.7, 'timestamp': '04/05/2025, 20:10:30'}",humidity
475,KPCL0022,2025-05-05 00:10:30.811,"{'unit': 'lux', 'value': 39, 'timestamp': '04/05/2025, 20:10:30'}",light
476,KPCL0022,2025-05-05 00:10:30.841,"{'unit': 'g', 'value': 0.073915, 'timestamp': '04/05/2025, 20:10:30'}",weight
477,KPCL0022,2025-05-05 00:10:35.706,"{'unit': '°C', 'value': 23, 'timestamp': '04/05/2025, 20:10:35'}",temperature
478,KPCL0022,2025-05-05 00:10:35.737,"{'unit': '%', 'value': 29.8, 'timestamp': '04/05/2025, 20:10:35'}",humidity
479,KPCL0022,2025-05-05 00:10:35.767,"{'unit': 'lux', 'value': 42, 'timestamp': '04/05/2025, 20:10:35'}",light
480,KPCL0022,2025-05-05 00:10:35.798,"{'unit': 'g', 'value': 0.076037, 'timestamp': '04/05/2025, 20:10:35'}",weight
481,KPCL0022,2025-05-05 00:10:40.754,"{'unit': '°C', 'value': 22.9, 'timestamp': '04/05/2025, 20:10:40'}",temperature
482,KPCL0022,2025-05-05 00:10:40.785,"{'unit': '%', 'value': 29.8, 'timestamp': '04/05/2025, 20:10:40'}",humidity
483,KPCL0022,2025-05-05 00:10:40.815,"{'unit': 'lux', 'value': 41, 'timestamp': '04/05/2025, 20:10:40'}",light
484,KPCL0022,2025-05-05 00:10:40.845,"{'unit': 'g', 'value': 0.081013, 'timestamp': '04/05/2025, 20:10:40'}",weight
485,KPCL0022,2025-05-05 00:10:45.717,"{'unit': '°C', 'value': 22.9, 'timestamp': '04/05/2025, 20:10:45'}",temperature
486,KPCL0022,2025-05-05 00:10:45.748,"{'unit': '%', 'value': 30, 'timestamp': '04/05/2025, 20:10:45'}",humidity
487,KPCL0022,2025-05-05 00:10:45.779,"{'unit': 'lux', 'value': 37, 'timestamp': '04/05/2025, 20:10:45'}",light
488,KPCL0022,2025-05-05 00:10:45.810,"{'unit': 'g', 'value': 0.068366, 'timestamp': '04/05/2025, 20:10:45'}",weight
489,KPCL0022,2025-05-05 00:10:50.771,"{'unit': '°C', 'value': 22.9, 'timestamp': '04/05/2025, 20:10:50'}",temperature
490,KPCL0022,2025-05-05 00:10:50.802,"{'unit': '%', 'value': 30, 'timestamp': '04/05/2025, 20:10:50'}",humidity
491,KPCL0022,2025-05-05 00:10:50.832,"{'unit': 'lux', 'value': 39, 'timestamp': '04/05/2025, 20:10:50'}",light
492,KPCL0022,2025-05-05 00:10:50.863,"{'unit': 'g', 'value': 0.063483, 'timestamp': '04/05/2025, 20:10:50'}",weight
493,KPCL0022,2025-05-05 00:10:55.728,"{'unit': '°C', 'value': 22.8, 'timestamp': '04/05/2025, 20:10:55'}",temperature
494,KPCL0022,2025-05-05 00:10:55.765,"{'unit': '%', 'value': 30.2, 'timestamp': '04/05/2025, 20:10:55'}",humidity
495,KPCL0022,2025-05-05 00:10:55.796,"{'unit': 'lux', 'value': 40, 'timestamp': '04/05/2025, 20:10:55'}",light
496,KPCL0022,2025-05-05 00:10:55.828,"{'unit': 'g', 'value': 0.099355, 'timestamp': '04/05/2025, 20:10:55'}",weight
497,KPCL0022,2025-05-05 00:11:00.777,"{'unit': '°C', 'value': 22.8, 'timestamp': '04/05/2025, 20:11:00'}",temperature
498,KPCL0022,2025-05-05 00:11:00.809,"{'unit': '%', 'value': 30.2, 'timestamp': '04/05/2025, 20:11:00'}",humidity
499,KPCL0022,2025-05-05 00:11:00.840,"{'unit': 'lux', 'value': 36, 'timestamp': '04/05/2025, 20:11:00'}",light
500,KPCL0022,2025-05-05 00:11:00.871,"{'unit': 'g', 'value': 0.084516, 'timestamp': '04/05/2025, 20:11:00'}",weight
501,KPCL0022,2025-05-05 00:11:05.766,"{'unit': '°C', 'value': 22.8, 'timestamp': '04/05/2025, 20:11:05'}",temperature
502,KPCL0022,2025-05-05 00:11:05.797,"{'unit': '%', 'value': 30.2, 'timestamp': '04/05/2025, 20:11:05'}",humidity
503,KPCL0022,2025-05-05 00:11:05.828,"{'unit': 'lux', 'value': 39, 'timestamp': '04/05/2025, 20:11:05'}",light
504,KPCL0022,2025-05-05 00:11:05.858,"{'unit': 'g', 'value': 0.06927, 'timestamp': '04/05/2025, 20:11:05'}",weight
505,KPCL0022,2025-05-05 00:11:10.786,"{'unit': '°C', 'value': 22.8, 'timestamp': '04/05/2025, 20:11:10'}",temperature
506,KPCL0022,2025-05-05 00:11:10.823,"{'unit': '%', 'value': 30.2, 'timestamp': '04/05/2025, 20:11:10'}",humidity
507,KPCL0022,2025-05-05 00:11:10.855,"{'unit': 'lux', 'value': 41, 'timestamp': '04/05/2025, 20:11:10'}",light
508,KPCL0022,2025-05-05 00:11:10.885,"{'unit': 'g', 'value': 0.077608, 'timestamp': '04/05/2025, 20:11:10'}",weight
509,KPCL0022,2025-05-05 00:11:15.752,"{'unit': '°C', 'value': 22.7, 'timestamp': '04/05/2025, 20:11:15'}",temperature
510,KPCL0022,2025-05-05 00:11:15.783,"{'unit': '%', 'value': 30.2, 'timestamp': '04/05/2025, 20:11:15'}",humidity
511,KPCL0022,2025-05-05 00:11:15.813,"{'unit': 'lux', 'value': 37, 'timestamp': '04/05/2025, 20:11:15'}",light
512,KPCL0022,2025-05-05 00:11:15.845,"{'unit': 'g', 'value': 0.063981, 'timestamp': '04/05/2025, 20:11:15'}",weight
513,KPCL0022,2025-05-05 00:11:20.714,"{'unit': '°C', 'value': 22.7, 'timestamp': '04/05/2025, 20:11:20'}",temperature
514,KPCL0022,2025-05-05 00:11:20.744,"{'unit': '%', 'value': 30.2, 'timestamp': '04/05/2025, 20:11:20'}",humidity
515,KPCL0022,2025-05-05 00:11:20.776,"{'unit': 'lux', 'value': 38, 'timestamp': '04/05/2025, 20:11:20'}",light
516,KPCL0022,2025-05-05 00:11:20.806,"{'unit': 'g', 'value': 0.058815, 'timestamp': '04/05/2025, 20:11:20'}",weight
517,KPCL0022,2025-05-05 00:11:25.766,"{'unit': '°C', 'value': 22.7, 'timestamp': '04/05/2025, 20:11:25'}",temperature
518,KPCL0022,2025-05-05 00:11:25.797,"{'unit': '%', 'value': 30.2, 'timestamp': '04/05/2025, 20:11:25'}",humidity
519,KPCL0022,2025-05-05 00:11:25.827,"{'unit': 'lux', 'value': 41, 'timestamp': '04/05/2025, 20:11:25'}",light
520,KPCL0022,2025-05-05 00:11:25.858,"{'unit': 'g', 'value': 0.063937, 'timestamp': '04/05/2025, 20:11:25'}",weight
521,KPCL0022,2025-05-05 00:11:30.730,"{'unit': '°C', 'value': 22.7, 'timestamp': '04/05/2025, 20:11:30'}",temperature
522,KPCL0022,2025-05-05 00:11:30.761,"{'unit': '%', 'value': 30.2, 'timestamp': '04/05/2025, 20:11:30'}",humidity
523,KPCL0022,2025-05-05 00:11:30.792,"{'unit': 'lux', 'value': 40, 'timestamp': '04/05/2025, 20:11:30'}",light
524,KPCL0022,2025-05-05 00:11:30.822,"{'unit': 'g', 'value': 0.051669, 'timestamp': '04/05/2025, 20:11:30'}",weight
525,KPCL0022,2025-05-05 00:11:35.805,"{'unit': '°C', 'value': 22.7, 'timestamp': '04/05/2025, 20:11:35'}",temperature
526,KPCL0022,2025-05-05 00:11:35.836,"{'unit': '%', 'value': 30.2, 'timestamp': '04/05/2025, 20:11:35'}",humidity
527,KPCL0022,2025-05-05 00:11:35.867,"{'unit': 'lux', 'value': 41, 'timestamp': '04/05/2025, 20:11:35'}",light
528,KPCL0022,2025-05-05 00:11:35.900,"{'unit': 'g', 'value': 0.068414, 'timestamp': '04/05/2025, 20:11:35'}",weight
529,KPCL0022,2025-05-05 00:11:40.755,"{'unit': '°C', 'value': 22.7, 'timestamp': '04/05/2025, 20:11:40'}",temperature
530,KPCL0022,2025-05-05 00:11:40.786,"{'unit': '%', 'value': 30.2, 'timestamp': '04/05/2025, 20:11:40'}",humidity
531,KPCL0022,2025-05-05 00:11:40.818,"{'unit': 'lux', 'value': 40, 'timestamp': '04/05/2025, 20:11:40'}",light
532,KPCL0022,2025-05-05 00:11:40.848,"{'unit': 'g', 'value': 0.066412, 'timestamp': '04/05/2025, 20:11:40'}",weight
533,KPCL0022,2025-05-05 00:11:45.800,"{'unit': '°C', 'value': 22.6, 'timestamp': '04/05/2025, 20:11:45'}",temperature
534,KPCL0022,2025-05-05 00:11:45.831,"{'unit': '%', 'value': 30.2, 'timestamp': '04/05/2025, 20:11:45'}",humidity
535,KPCL0022,2025-05-05 00:11:45.860,"{'unit': 'lux', 'value': 36, 'timestamp': '04/05/2025, 20:11:45'}",light
536,KPCL0022,2025-05-05 00:11:45.890,"{'unit': 'g', 'value': 0.045926, 'timestamp': '04/05/2025, 20:11:45'}",weight
537,KPCL0022,2025-05-05 00:11:50.764,"{'unit': '°C', 'value': 22.6, 'timestamp': '04/05/2025, 20:11:50'}",temperature
538,KPCL0022,2025-05-05 00:11:50.796,"{'unit': '%', 'value': 30.2, 'timestamp': '04/05/2025, 20:11:50'}",humidity
539,KPCL0022,2025-05-05 00:11:50.828,"{'unit': 'lux', 'value': 40, 'timestamp': '04/05/2025, 20:11:50'}",light
540,KPCL0022,2025-05-05 00:11:50.860,"{'unit': 'g', 'value': 0.070201, 'timestamp': '04/05/2025, 20:11:50'}",weight
541,KPCL0022,2025-05-05 00:11:55.726,"{'unit': '°C', 'value': 22.6, 'timestamp': '04/05/2025, 20:11:55'}",temperature
542,KPCL0022,2025-05-05 00:11:55.756,"{'unit': '%', 'value': 30.3, 'timestamp': '04/05/2025, 20:11:55'}",humidity
543,KPCL0022,2025-05-05 00:11:55.786,"{'unit': 'lux', 'value': 37, 'timestamp': '04/05/2025, 20:11:55'}",light
544,KPCL0022,2025-05-05 00:11:55.816,"{'unit': 'g', 'value': 0.049882, 'timestamp': '04/05/2025, 20:11:55'}",weight
545,KPCL0022,2025-05-05 00:12:00.781,"{'unit': '°C', 'value': 22.6, 'timestamp': '04/05/2025, 20:12:00'}",temperature
546,KPCL0022,2025-05-05 00:12:00.813,"{'unit': '%', 'value': 30.3, 'timestamp': '04/05/2025, 20:12:00'}",humidity
547,KPCL0022,2025-05-05 00:12:00.843,"{'unit': 'lux', 'value': 40, 'timestamp': '04/05/2025, 20:12:00'}",light
548,KPCL0022,2025-05-05 00:12:00.874,"{'unit': 'g', 'value': 0.05717, 'timestamp': '04/05/2025, 20:12:00'}",weight
549,KPCL0022,2025-05-05 00:12:05.742,"{'unit': '°C', 'value': 22.6, 'timestamp': '04/05/2025, 20:12:05'}",temperature
550,KPCL0022,2025-05-05 00:12:05.802,"{'unit': '%', 'value': 30.3, 'timestamp': '04/05/2025, 20:12:05'}",humidity
551,KPCL0022,2025-05-05 00:12:05.833,"{'unit': 'lux', 'value': 40, 'timestamp': '04/05/2025, 20:12:05'}",light
552,KPCL0022,2025-05-05 00:12:05.863,"{'unit': 'g', 'value': 0.068463, 'timestamp': '04/05/2025, 20:12:05'}",weight
553,KPCL0022,2025-05-05 00:12:10.833,"{'unit': '°C', 'value': 22.6, 'timestamp': '04/05/2025, 20:12:10'}",temperature
554,KPCL0022,2025-05-05 00:12:10.864,"{'unit': '%', 'value': 30.3, 'timestamp': '04/05/2025, 20:12:10'}",humidity
555,KPCL0022,2025-05-05 00:12:10.894,"{'unit': 'lux', 'value': 38, 'timestamp': '04/05/2025, 20:12:10'}",light
556,KPCL0022,2025-05-05 00:12:10.925,"{'unit': 'g', 'value': 0.043473, 'timestamp': '04/05/2025, 20:12:10'}",weight
557,KPCL0022,2025-05-05 00:12:15.760,"{'unit': '°C', 'value': 22.5, 'timestamp': '04/05/2025, 20:12:15'}",temperature
558,KPCL0022,2025-05-05 00:12:15.791,"{'unit': '%', 'value': 30.3, 'timestamp': '04/05/2025, 20:12:15'}",humidity
559,KPCL0022,2025-05-05 00:12:15.821,"{'unit': 'lux', 'value': 41, 'timestamp': '04/05/2025, 20:12:15'}",light
560,KPCL0022,2025-05-05 00:12:15.853,"{'unit': 'g', 'value': 0.05841, 'timestamp': '04/05/2025, 20:12:15'}",weight
561,KPCL0022,2025-05-05 00:12:20.817,"{'unit': '°C', 'value': 22.5, 'timestamp': '04/05/2025, 20:12:20'}",temperature
562,KPCL0022,2025-05-05 00:12:20.848,"{'unit': '%', 'value': 30.3, 'timestamp': '04/05/2025, 20:12:20'}",humidity
563,KPCL0022,2025-05-05 00:12:20.878,"{'unit': 'lux', 'value': 39, 'timestamp': '04/05/2025, 20:12:20'}",light
564,KPCL0022,2025-05-05 00:12:20.908,"{'unit': 'g', 'value': 0.033372, 'timestamp': '04/05/2025, 20:12:20'}",weight
565,KPCL0022,2025-05-05 00:12:25.783,"{'unit': '°C', 'value': 22.5, 'timestamp': '04/05/2025, 20:12:25'}",temperature
566,KPCL0022,2025-05-05 00:12:25.813,"{'unit': '%', 'value': 30.3, 'timestamp': '04/05/2025, 20:12:25'}",humidity
567,KPCL0022,2025-05-05 00:12:25.845,"{'unit': 'lux', 'value': 39, 'timestamp': '04/05/2025, 20:12:25'}",light
568,KPCL0022,2025-05-05 00:12:25.877,"{'unit': 'g', 'value': 0.042736, 'timestamp': '04/05/2025, 20:12:25'}",weight
569,KPCL0022,2025-05-05 00:12:30.742,"{'unit': '°C', 'value': 22.5, 'timestamp': '04/05/2025, 20:12:30'}",temperature
570,KPCL0022,2025-05-05 00:12:30.771,"{'unit': '%', 'value': 30.3, 'timestamp': '04/05/2025, 20:12:30'}",humidity
571,KPCL0022,2025-05-05 00:12:30.802,"{'unit': 'lux', 'value': 41, 'timestamp': '04/05/2025, 20:12:30'}",light
572,KPCL0022,2025-05-05 00:12:30.832,"{'unit': 'g', 'value': 0.042021, 'timestamp': '04/05/2025, 20:12:30'}",weight
573,KPCL0022,2025-05-05 00:12:35.823,"{'unit': '°C', 'value': 22.5, 'timestamp': '04/05/2025, 20:12:35'}",temperature
574,KPCL0022,2025-05-05 00:12:35.854,"{'unit': '%', 'value': 30.4, 'timestamp': '04/05/2025, 20:12:35'}",humidity
575,KPCL0022,2025-05-05 00:12:35.887,"{'unit': 'lux', 'value': 40, 'timestamp': '04/05/2025, 20:12:35'}",light
576,KPCL0022,2025-05-05 00:12:35.917,"{'unit': 'g', 'value': 0.048498, 'timestamp': '04/05/2025, 20:12:35'}",weight
577,KPCL0022,2025-05-05 00:12:40.760,"{'unit': '°C', 'value': 22.4, 'timestamp': '04/05/2025, 20:12:40'}",temperature
578,KPCL0022,2025-05-05 00:12:40.792,"{'unit': '%', 'value': 30.4, 'timestamp': '04/05/2025, 20:12:40'}",humidity
579,KPCL0022,2025-05-05 00:12:40.822,"{'unit': 'lux', 'value': 38, 'timestamp': '04/05/2025, 20:12:40'}",light
580,KPCL0022,2025-05-05 00:12:40.854,"{'unit': 'g', 'value': 0.041258, 'timestamp': '04/05/2025, 20:12:40'}",weight
581,KPCL0022,2025-05-05 00:12:45.811,"{'unit': '°C', 'value': 22.4, 'timestamp': '04/05/2025, 20:12:45'}",temperature
582,KPCL0022,2025-05-05 00:12:45.842,"{'unit': '%', 'value': 30.5, 'timestamp': '04/05/2025, 20:12:45'}",humidity
583,KPCL0022,2025-05-05 00:12:45.873,"{'unit': 'lux', 'value': 38, 'timestamp': '04/05/2025, 20:12:45'}",light
584,KPCL0022,2025-05-05 00:12:45.904,"{'unit': 'g', 'value': 0.037209, 'timestamp': '04/05/2025, 20:12:45'}",weight
585,KPCL0022,2025-05-05 00:12:50.775,"{'unit': '°C', 'value': 22.4, 'timestamp': '04/05/2025, 20:12:50'}",temperature
586,KPCL0022,2025-05-05 00:12:50.806,"{'unit': '%', 'value': 30.5, 'timestamp': '04/05/2025, 20:12:50'}",humidity
587,KPCL0022,2025-05-05 00:12:50.837,"{'unit': 'lux', 'value': 39, 'timestamp': '04/05/2025, 20:12:50'}",light
588,KPCL0022,2025-05-05 00:12:50.868,"{'unit': 'g', 'value': 0.036256, 'timestamp': '04/05/2025, 20:12:50'}",weight
589,KPCL0022,2025-05-05 00:12:55.740,"{'unit': '°C', 'value': 22.4, 'timestamp': '04/05/2025, 20:12:55'}",temperature
590,KPCL0022,2025-05-05 00:12:55.773,"{'unit': '%', 'value': 30.6, 'timestamp': '04/05/2025, 20:12:55'}",humidity
591,KPCL0022,2025-05-05 00:12:55.805,"{'unit': 'lux', 'value': 38, 'timestamp': '04/05/2025, 20:12:55'}",light
592,KPCL0022,2025-05-05 00:12:55.836,"{'unit': 'g', 'value': 0.031585, 'timestamp': '04/05/2025, 20:12:55'}",weight
593,KPCL0022,2025-05-05 00:13:00.791,"{'unit': '°C', 'value': 22.4, 'timestamp': '04/05/2025, 20:13:00'}",temperature
594,KPCL0022,2025-05-05 00:13:00.821,"{'unit': '%', 'value': 30.6, 'timestamp': '04/05/2025, 20:13:00'}",humidity
595,KPCL0022,2025-05-05 00:13:00.852,"{'unit': 'lux', 'value': 40, 'timestamp': '04/05/2025, 20:13:00'}",light
596,KPCL0022,2025-05-05 00:13:00.882,"{'unit': 'g', 'value': 0.036256, 'timestamp': '04/05/2025, 20:13:00'}",weight
597,KPCL0022,2025-05-05 00:13:05.761,"{'unit': '°C', 'value': 22.4, 'timestamp': '04/05/2025, 20:13:05'}",temperature
598,KPCL0022,2025-05-05 00:13:05.793,"{'unit': '%', 'value': 30.6, 'timestamp': '04/05/2025, 20:13:05'}",humidity
599,KPCL0022,2025-05-05 00:13:05.825,"{'unit': 'lux', 'value': 38, 'timestamp': '04/05/2025, 20:13:05'}",light
600,KPCL0022,2025-05-05 00:13:05.856,"{'unit': 'g', 'value': 0.033468, 'timestamp': '04/05/2025, 20:13:05'}",weight
601,KPCL0022,2025-05-05 00:13:10.813,"{'unit': '°C', 'value': 22.4, 'timestamp': '04/05/2025, 20:13:10'}",temperature
602,KPCL0022,2025-05-05 00:13:10.844,"{'unit': '%', 'value': 30.5, 'timestamp': '04/05/2025, 20:13:10'}",humidity
603,KPCL0022,2025-05-05 00:13:10.874,"{'unit': 'lux', 'value': 41, 'timestamp': '04/05/2025, 20:13:10'}",light
604,KPCL0022,2025-05-05 00:13:10.905,"{'unit': 'g', 'value': 0.042115, 'timestamp': '04/05/2025, 20:13:10'}",weight
605,KPCL0022,2025-05-05 00:13:15.776,"{'unit': '°C', 'value': 22.4, 'timestamp': '04/05/2025, 20:13:15'}",temperature
606,KPCL0022,2025-05-05 00:13:15.806,"{'unit': '%', 'value': 30.5, 'timestamp': '04/05/2025, 20:13:15'}",humidity
607,KPCL0022,2025-05-05 00:13:15.837,"{'unit': 'lux', 'value': 38, 'timestamp': '04/05/2025, 20:13:15'}",light
608,KPCL0022,2025-05-05 00:13:15.868,"{'unit': 'g', 'value': 0.037209, 'timestamp': '04/05/2025, 20:13:15'}",weight
609,KPCL0022,2025-05-05 00:13:20.825,"{'unit': '°C', 'value': 22.4, 'timestamp': '04/05/2025, 20:13:20'}",temperature
610,KPCL0022,2025-05-05 00:13:20.856,"{'unit': '%', 'value': 30.5, 'timestamp': '04/05/2025, 20:13:20'}",humidity
611,KPCL0022,2025-05-05 00:13:20.886,"{'unit': 'lux', 'value': 40, 'timestamp': '04/05/2025, 20:13:20'}",light
612,KPCL0022,2025-05-05 00:13:20.917,"{'unit': 'g', 'value': 0.034563, 'timestamp': '04/05/2025, 20:13:20'}",weight
613,KPCL0022,2025-05-05 00:13:25.792,"{'unit': '°C', 'value': 22.4, 'timestamp': '04/05/2025, 20:13:25'}",temperature
614,KPCL0022,2025-05-05 00:13:25.823,"{'unit': '%', 'value': 30.5, 'timestamp': '04/05/2025, 20:13:25'}",humidity
615,KPCL0022,2025-05-05 00:13:25.854,"{'unit': 'lux', 'value': 39, 'timestamp': '04/05/2025, 20:13:25'}",light
616,KPCL0022,2025-05-05 00:13:25.885,"{'unit': 'g', 'value': 0.035206, 'timestamp': '04/05/2025, 20:13:25'}",weight
617,KPCL0022,2025-05-05 00:13:30.749,"{'unit': '°C', 'value': 22.4, 'timestamp': '04/05/2025, 20:13:30'}",temperature
618,KPCL0022,2025-05-05 00:13:30.780,"{'unit': '%', 'value': 30.6, 'timestamp': '04/05/2025, 20:13:30'}",humidity
619,KPCL0022,2025-05-05 00:13:30.811,"{'unit': 'lux', 'value': 37, 'timestamp': '04/05/2025, 20:13:30'}",light
620,KPCL0022,2025-05-05 00:13:30.841,"{'unit': 'g', 'value': 0.03559, 'timestamp': '04/05/2025, 20:13:30'}",weight
621,KPCL0022,2025-05-05 00:13:35.804,"{'unit': '°C', 'value': 22.3, 'timestamp': '04/05/2025, 20:13:35'}",temperature
622,KPCL0022,2025-05-05 00:13:35.835,"{'unit': '%', 'value': 30.6, 'timestamp': '04/05/2025, 20:13:35'}",humidity
623,KPCL0022,2025-05-05 00:13:35.865,"{'unit': 'lux', 'value': 37, 'timestamp': '04/05/2025, 20:13:35'}",light
624,KPCL0022,2025-05-05 00:13:35.896,"{'unit': 'g', 'value': 0.036185, 'timestamp': '04/05/2025, 20:13:35'}",weight
625,KPCL0022,2025-05-05 00:13:40.839,"{'unit': '°C', 'value': 22.3, 'timestamp': '04/05/2025, 20:13:40'}",temperature
626,KPCL0022,2025-05-05 00:13:40.870,"{'unit': '%', 'value': 30.6, 'timestamp': '04/05/2025, 20:13:40'}",humidity
627,KPCL0022,2025-05-05 00:13:40.901,"{'unit': 'lux', 'value': 38, 'timestamp': '04/05/2025, 20:13:40'}",light
628,KPCL0022,2025-05-05 00:13:40.931,"{'unit': 'g', 'value': 0.031444, 'timestamp': '04/05/2025, 20:13:40'}",weight
629,KPCL0022,2025-05-05 00:13:45.822,"{'unit': '°C', 'value': 22.3, 'timestamp': '04/05/2025, 20:13:45'}",temperature
630,KPCL0022,2025-05-05 00:13:45.853,"{'unit': '%', 'value': 30.6, 'timestamp': '04/05/2025, 20:13:45'}",humidity
631,KPCL0022,2025-05-05 00:13:45.884,"{'unit': 'lux', 'value': 41, 'timestamp': '04/05/2025, 20:13:45'}",light
632,KPCL0022,2025-05-05 00:13:45.918,"{'unit': 'g', 'value': 0.033658, 'timestamp': '04/05/2025, 20:13:45'}",weight
633,KPCL0022,2025-05-05 00:13:50.794,"{'unit': '°C', 'value': 22.3, 'timestamp': '04/05/2025, 20:13:50'}",temperature
634,KPCL0022,2025-05-05 00:13:50.830,"{'unit': '%', 'value': 30.6, 'timestamp': '04/05/2025, 20:13:50'}",humidity
635,KPCL0022,2025-05-05 00:13:50.860,"{'unit': 'lux', 'value': 41, 'timestamp': '04/05/2025, 20:13:50'}",light
636,KPCL0022,2025-05-05 00:13:50.891,"{'unit': 'g', 'value': 0.043354, 'timestamp': '04/05/2025, 20:13:50'}",weight
637,KPCL0022,2025-05-05 00:13:55.751,"{'unit': '°C', 'value': 22.3, 'timestamp': '04/05/2025, 20:13:55'}",temperature
638,KPCL0022,2025-05-05 00:13:55.781,"{'unit': '%', 'value': 30.5, 'timestamp': '04/05/2025, 20:13:55'}",humidity
639,KPCL0022,2025-05-05 00:13:55.812,"{'unit': 'lux', 'value': 40, 'timestamp': '04/05/2025, 20:13:55'}",light
640,KPCL0022,2025-05-05 00:13:55.843,"{'unit': 'g', 'value': 0.031373, 'timestamp': '04/05/2025, 20:13:55'}",weight
641,KPCL0022,2025-05-05 00:14:00.806,"{'unit': '°C', 'value': 22.3, 'timestamp': '04/05/2025, 20:14:00'}",temperature
642,KPCL0022,2025-05-05 00:14:00.840,"{'unit': '%', 'value': 30.5, 'timestamp': '04/05/2025, 20:14:00'}",humidity
643,KPCL0022,2025-05-05 00:14:00.871,"{'unit': 'lux', 'value': 38, 'timestamp': '04/05/2025, 20:14:00'}",light
644,KPCL0022,2025-05-05 00:14:00.902,"{'unit': 'g', 'value': 0.03623, 'timestamp': '04/05/2025, 20:14:00'}",weight
645,KPCL0022,2025-05-05 00:14:05.774,"{'unit': '°C', 'value': 22.3, 'timestamp': '04/05/2025, 20:14:05'}",temperature
646,KPCL0022,2025-05-05 00:14:05.805,"{'unit': '%', 'value': 30.5, 'timestamp': '04/05/2025, 20:14:05'}",humidity
647,KPCL0022,2025-05-05 00:14:05.835,"{'unit': 'lux', 'value': 40, 'timestamp': '04/05/2025, 20:14:05'}",light
648,KPCL0022,2025-05-05 00:14:05.865,"{'unit': 'g', 'value': 0.022511, 'timestamp': '04/05/2025, 20:14:05'}",weight
649,KPCL0022,2025-05-05 00:14:10.837,"{'unit': '°C', 'value': 22.3, 'timestamp': '04/05/2025, 20:14:10'}",temperature
650,KPCL0022,2025-05-05 00:14:10.867,"{'unit': '%', 'value': 30.5, 'timestamp': '04/05/2025, 20:14:10'}",humidity
651,KPCL0022,2025-05-05 00:14:10.898,"{'unit': 'lux', 'value': 41, 'timestamp': '04/05/2025, 20:14:10'}",light
652,KPCL0022,2025-05-05 00:14:10.929,"{'unit': 'g', 'value': 0.024725, 'timestamp': '04/05/2025, 20:14:10'}",weight
653,KPCL0022,2025-05-05 00:14:15.788,"{'unit': '°C', 'value': 22.3, 'timestamp': '04/05/2025, 20:14:15'}",temperature
654,KPCL0022,2025-05-05 00:14:15.818,"{'unit': '%', 'value': 30.5, 'timestamp': '04/05/2025, 20:14:15'}",humidity
655,KPCL0022,2025-05-05 00:14:15.849,"{'unit': 'lux', 'value': 40, 'timestamp': '04/05/2025, 20:14:15'}",light
656,KPCL0022,2025-05-05 00:14:15.879,"{'unit': 'g', 'value': 0.025299, 'timestamp': '04/05/2025, 20:14:15'}",weight
657,KPCL0022,2025-05-05 00:14:20.749,"{'unit': '°C', 'value': 22.3, 'timestamp': '04/05/2025, 20:14:20'}",temperature
658,KPCL0022,2025-05-05 00:14:20.780,"{'unit': '%', 'value': 30.5, 'timestamp': '04/05/2025, 20:14:20'}",humidity
659,KPCL0022,2025-05-05 00:14:20.812,"{'unit': 'lux', 'value': 38, 'timestamp': '04/05/2025, 20:14:20'}",light
660,KPCL0022,2025-05-05 00:14:20.843,"{'unit': 'g', 'value': 0.03492, 'timestamp': '04/05/2025, 20:14:20'}",weight
661,KPCL0022,2025-05-05 00:14:25.804,"{'unit': '°C', 'value': 22.3, 'timestamp': '04/05/2025, 20:14:25'}",temperature
662,KPCL0022,2025-05-05 00:14:25.834,"{'unit': '%', 'value': 30.5, 'timestamp': '04/05/2025, 20:14:25'}",humidity
663,KPCL0022,2025-05-05 00:14:25.865,"{'unit': 'lux', 'value': 39, 'timestamp': '04/05/2025, 20:14:25'}",light
664,KPCL0022,2025-05-05 00:14:25.895,"{'unit': 'g', 'value': 0.020464, 'timestamp': '04/05/2025, 20:14:25'}",weight
665,KPCL0022,2025-05-05 00:14:30.765,"{'unit': '°C', 'value': 22.3, 'timestamp': '04/05/2025, 20:14:30'}",temperature
666,KPCL0022,2025-05-05 00:14:30.796,"{'unit': '%', 'value': 30.5, 'timestamp': '04/05/2025, 20:14:30'}",humidity
667,KPCL0022,2025-05-05 00:14:30.826,"{'unit': 'lux', 'value': 40, 'timestamp': '04/05/2025, 20:14:30'}",light
668,KPCL0022,2025-05-05 00:14:30.856,"{'unit': 'g', 'value': 0.018439, 'timestamp': '04/05/2025, 20:14:30'}",weight
669,KPCL0022,2025-05-05 00:14:35.821,"{'unit': '°C', 'value': 22.3, 'timestamp': '04/05/2025, 20:14:35'}",temperature
670,KPCL0022,2025-05-05 00:14:35.852,"{'unit': '%', 'value': 30.5, 'timestamp': '04/05/2025, 20:14:35'}",humidity
671,KPCL0022,2025-05-05 00:14:35.883,"{'unit': 'lux', 'value': 42, 'timestamp': '04/05/2025, 20:14:35'}",light
672,KPCL0022,2025-05-05 00:14:35.913,"{'unit': 'g', 'value': 0.009982, 'timestamp': '04/05/2025, 20:14:35'}",weight
673,KPCL0022,2025-05-05 00:14:40.784,"{'unit': '°C', 'value': 22.3, 'timestamp': '04/05/2025, 20:14:40'}",temperature
674,KPCL0022,2025-05-05 00:14:40.815,"{'unit': '%', 'value': 30.5, 'timestamp': '04/05/2025, 20:14:40'}",humidity
675,KPCL0022,2025-05-05 00:14:40.845,"{'unit': 'lux', 'value': 40, 'timestamp': '04/05/2025, 20:14:40'}",light
676,KPCL0022,2025-05-05 00:14:40.875,"{'unit': 'g', 'value': 0.024037, 'timestamp': '04/05/2025, 20:14:40'}",weight
677,KPCL0022,2025-05-05 00:14:45.840,"{'unit': '°C', 'value': 22.3, 'timestamp': '04/05/2025, 20:14:45'}",temperature
678,KPCL0022,2025-05-05 00:14:45.871,"{'unit': '%', 'value': 30.6, 'timestamp': '04/05/2025, 20:14:45'}",humidity
679,KPCL0022,2025-05-05 00:14:45.903,"{'unit': 'lux', 'value': 38, 'timestamp': '04/05/2025, 20:14:45'}",light
680,KPCL0022,2025-05-05 00:14:45.933,"{'unit': 'g', 'value': 0.022321, 'timestamp': '04/05/2025, 20:14:45'}",weight
681,KPCL0022,2025-05-05 00:14:50.806,"{'unit': '°C', 'value': 22.3, 'timestamp': '04/05/2025, 20:14:50'}",temperature
682,KPCL0022,2025-05-05 00:14:50.836,"{'unit': '%', 'value': 30.6, 'timestamp': '04/05/2025, 20:14:50'}",humidity
683,KPCL0022,2025-05-05 00:14:50.866,"{'unit': 'lux', 'value': 38, 'timestamp': '04/05/2025, 20:14:50'}",light
684,KPCL0022,2025-05-05 00:14:50.897,"{'unit': 'g', 'value': 0.017962, 'timestamp': '04/05/2025, 20:14:50'}",weight
685,KPCL0022,2025-05-05 00:14:55.767,"{'unit': '°C', 'value': 22.3, 'timestamp': '04/05/2025, 20:14:55'}",temperature
686,KPCL0022,2025-05-05 00:14:55.797,"{'unit': '%', 'value': 30.6, 'timestamp': '04/05/2025, 20:14:55'}",humidity
687,KPCL0022,2025-05-05 00:14:55.827,"{'unit': 'lux', 'value': 36, 'timestamp': '04/05/2025, 20:14:55'}",light
688,KPCL0022,2025-05-05 00:14:55.858,"{'unit': 'g', 'value': 0.00169, 'timestamp': '04/05/2025, 20:14:55'}",weight
689,KPCL0022,2025-05-05 00:15:00.818,"{'unit': '°C', 'value': 22.3, 'timestamp': '04/05/2025, 20:15:00'}",temperature
690,KPCL0022,2025-05-05 00:15:00.849,"{'unit': '%', 'value': 30.6, 'timestamp': '04/05/2025, 20:15:00'}",humidity
691,KPCL0022,2025-05-05 00:15:00.880,"{'unit': 'lux', 'value': 41, 'timestamp': '04/05/2025, 20:15:00'}",light
692,KPCL0022,2025-05-05 00:15:00.910,"{'unit': 'g', 'value': 0.029084, 'timestamp': '04/05/2025, 20:15:00'}",weight
693,KPCL0022,2025-05-05 00:15:05.787,"{'unit': '°C', 'value': 22.3, 'timestamp': '04/05/2025, 20:15:05'}",temperature
694,KPCL0022,2025-05-05 00:15:05.817,"{'unit': '%', 'value': 30.6, 'timestamp': '04/05/2025, 20:15:05'}",humidity
695,KPCL0022,2025-05-05 00:15:05.850,"{'unit': 'lux', 'value': 40, 'timestamp': '04/05/2025, 20:15:05'}",light
696,KPCL0022,2025-05-05 00:15:05.881,"{'unit': 'g', 'value': 0.014244, 'timestamp': '04/05/2025, 20:15:05'}",weight
697,KPCL0022,2025-05-05 00:15:10.842,"{'unit': '°C', 'value': 22.3, 'timestamp': '04/05/2025, 20:15:10'}",temperature
698,KPCL0022,2025-05-05 00:15:10.873,"{'unit': '%', 'value': 30.6, 'timestamp': '04/05/2025, 20:15:10'}",humidity
699,KPCL0022,2025-05-05 00:15:10.905,"{'unit': 'lux', 'value': 38, 'timestamp': '04/05/2025, 20:15:10'}",light
700,KPCL0022,2025-05-05 00:15:10.935,"{'unit': 'g', 'value': 0.01577, 'timestamp': '04/05/2025, 20:15:10'}",weight
701,KPCL0022,2025-05-05 00:15:15.803,"{'unit': '°C', 'value': 22.3, 'timestamp': '04/05/2025, 20:15:15'}",temperature
702,KPCL0022,2025-05-05 00:15:15.834,"{'unit': '%', 'value': 30.6, 'timestamp': '04/05/2025, 20:15:15'}",humidity
703,KPCL0022,2025-05-05 00:15:15.864,"{'unit': 'lux', 'value': 39, 'timestamp': '04/05/2025, 20:15:15'}",light
704,KPCL0022,2025-05-05 00:15:15.894,"{'unit': 'g', 'value': 0.016842, 'timestamp': '04/05/2025, 20:15:15'}",weight
705,KPCL0022,2025-05-05 00:15:20.774,"{'unit': '°C', 'value': 22.2, 'timestamp': '04/05/2025, 20:15:20'}",temperature
706,KPCL0022,2025-05-05 00:15:20.805,"{'unit': '%', 'value': 30.6, 'timestamp': '04/05/2025, 20:15:20'}",humidity
707,KPCL0022,2025-05-05 00:15:20.836,"{'unit': 'lux', 'value': 38, 'timestamp': '04/05/2025, 20:15:20'}",light
708,KPCL0022,2025-05-05 00:15:20.867,"{'unit': 'g', 'value': 0.002166, 'timestamp': '04/05/2025, 20:15:20'}",weight
709,KPCL0022,2025-05-05 00:15:25.827,"{'unit': '°C', 'value': 22.2, 'timestamp': '04/05/2025, 20:15:25'}",temperature
710,KPCL0022,2025-05-05 00:15:25.858,"{'unit': '%', 'value': 30.7, 'timestamp': '04/05/2025, 20:15:25'}",humidity
711,KPCL0022,2025-05-05 00:15:25.888,"{'unit': 'lux', 'value': 38, 'timestamp': '04/05/2025, 20:15:25'}",light
712,KPCL0022,2025-05-05 00:15:25.918,"{'unit': 'g', 'value': 0.00555, 'timestamp': '04/05/2025, 20:15:25'}",weight
713,KPCL0022,2025-05-05 00:15:30.881,"{'unit': '°C', 'value': 22.2, 'timestamp': '04/05/2025, 20:15:30'}",temperature
714,KPCL0022,2025-05-05 00:15:30.911,"{'unit': '%', 'value': 30.7, 'timestamp': '04/05/2025, 20:15:30'}",humidity
715,KPCL0022,2025-05-05 00:15:30.943,"{'unit': 'lux', 'value': 42, 'timestamp': '04/05/2025, 20:15:30'}",light
716,KPCL0022,2025-05-05 00:15:30.973,"{'unit': 'g', 'value': 0.011695, 'timestamp': '04/05/2025, 20:15:30'}",weight
717,KPCL0022,2025-05-05 00:15:35.852,"{'unit': '°C', 'value': 22.2, 'timestamp': '04/05/2025, 20:15:35'}",temperature
718,KPCL0022,2025-05-05 00:15:35.883,"{'unit': '%', 'value': 30.6, 'timestamp': '04/05/2025, 20:15:35'}",humidity
719,KPCL0022,2025-05-05 00:15:35.920,"{'unit': 'lux', 'value': 39, 'timestamp': '04/05/2025, 20:15:35'}",light
720,KPCL0022,2025-05-05 00:15:35.951,"{'unit': 'g', 'value': 0.021629, 'timestamp': '04/05/2025, 20:15:35'}",weight
721,KPCL0022,2025-05-05 00:15:40.903,"{'unit': '°C', 'value': 22.2, 'timestamp': '04/05/2025, 20:15:40'}",temperature
722,KPCL0022,2025-05-05 00:15:40.937,"{'unit': '%', 'value': 30.6, 'timestamp': '04/05/2025, 20:15:40'}",humidity
723,KPCL0022,2025-05-05 00:15:40.968,"{'unit': 'lux', 'value': 42, 'timestamp': '04/05/2025, 20:15:40'}",light
724,KPCL0022,2025-05-05 00:15:40.998,"{'unit': 'g', 'value': 0.003167, 'timestamp': '04/05/2025, 20:15:40'}",weight
725,KPCL0022,2025-05-05 00:15:45.873,"{'unit': '°C', 'value': 22.2, 'timestamp': '04/05/2025, 20:15:45'}",temperature
726,KPCL0022,2025-05-05 00:15:45.904,"{'unit': '%', 'value': 30.6, 'timestamp': '04/05/2025, 20:15:45'}",humidity
727,KPCL0022,2025-05-05 00:15:45.936,"{'unit': 'lux', 'value': 40, 'timestamp': '04/05/2025, 20:15:45'}",light
728,KPCL0022,2025-05-05 00:15:45.966,"{'unit': 'g', 'value': 0.016984, 'timestamp': '04/05/2025, 20:15:45'}",weight
729,KPCL0022,2025-05-05 00:15:50.836,"{'unit': '°C', 'value': 22.2, 'timestamp': '04/05/2025, 20:15:50'}",temperature
730,KPCL0022,2025-05-05 00:15:50.867,"{'unit': '%', 'value': 30.7, 'timestamp': '04/05/2025, 20:15:50'}",humidity
731,KPCL0022,2025-05-05 00:15:50.897,"{'unit': 'lux', 'value': 38, 'timestamp': '04/05/2025, 20:15:50'}",light
732,KPCL0022,2025-05-05 00:15:50.928,"{'unit': 'g', 'value': 0.006551, 'timestamp': '04/05/2025, 20:15:50'}",weight
733,KPCL0022,2025-05-05 00:15:55.894,"{'unit': '°C', 'value': 22.2, 'timestamp': '04/05/2025, 20:15:55'}",temperature
734,KPCL0022,2025-05-05 00:15:55.925,"{'unit': '%', 'value': 30.7, 'timestamp': '04/05/2025, 20:15:55'}",humidity
735,KPCL0022,2025-05-05 00:15:55.956,"{'unit': 'lux', 'value': 40, 'timestamp': '04/05/2025, 20:15:55'}",light
736,KPCL0022,2025-05-05 00:15:55.987,"{'unit': 'g', 'value': 0.007217, 'timestamp': '04/05/2025, 20:15:55'}",weight
737,KPCL0022,2025-05-05 00:16:00.856,"{'unit': '°C', 'value': 22.2, 'timestamp': '04/05/2025, 20:16:00'}",temperature
738,KPCL0022,2025-05-05 00:16:00.886,"{'unit': '%', 'value': 30.7, 'timestamp': '04/05/2025, 20:16:00'}",humidity
739,KPCL0022,2025-05-05 00:16:00.915,"{'unit': 'lux', 'value': 42, 'timestamp': '04/05/2025, 20:16:00'}",light
740,KPCL0022,2025-05-05 00:16:00.945,"{'unit': 'g', 'value': 0.011456, 'timestamp': '04/05/2025, 20:16:00'}",weight
741,KPCL0022,2025-05-05 00:16:05.914,"{'unit': '°C', 'value': 22.2, 'timestamp': '04/05/2025, 20:16:05'}",temperature
742,KPCL0022,2025-05-05 00:16:05.944,"{'unit': '%', 'value': 30.7, 'timestamp': '04/05/2025, 20:16:05'}",humidity
743,KPCL0022,2025-05-05 00:16:05.981,"{'unit': 'lux', 'value': 40, 'timestamp': '04/05/2025, 20:16:05'}",light
744,KPCL0022,2025-05-05 00:16:06.012,"{'unit': 'g', 'value': 0.006004, 'timestamp': '04/05/2025, 20:16:05'}",weight
745,KPCL0022,2025-05-05 00:16:10.881,"{'unit': '°C', 'value': 22.2, 'timestamp': '04/05/2025, 20:16:10'}",temperature
746,KPCL0022,2025-05-05 00:16:10.911,"{'unit': '%', 'value': 30.7, 'timestamp': '04/05/2025, 20:16:10'}",humidity
747,KPCL0022,2025-05-05 00:16:10.942,"{'unit': 'lux', 'value': 39, 'timestamp': '04/05/2025, 20:16:10'}",light
748,KPCL0022,2025-05-05 00:16:10.973,"{'unit': 'g', 'value': 0.010481, 'timestamp': '04/05/2025, 20:16:10'}",weight
749,KPCL0022,2025-05-05 00:16:15.850,"{'unit': '°C', 'value': 22.2, 'timestamp': '04/05/2025, 20:16:15'}",temperature
750,KPCL0022,2025-05-05 00:16:15.879,"{'unit': '%', 'value': 30.7, 'timestamp': '04/05/2025, 20:16:15'}",humidity
751,KPCL0022,2025-05-05 00:16:15.910,"{'unit': 'lux', 'value': 42, 'timestamp': '04/05/2025, 20:16:15'}",light
752,KPCL0022,2025-05-05 00:16:15.940,"{'unit': 'g', 'value': 0.005337, 'timestamp': '04/05/2025, 20:16:15'}",weight
753,KPCL0022,2025-05-05 00:16:20.902,"{'unit': '°C', 'value': 22.2, 'timestamp': '04/05/2025, 20:16:20'}",temperature
754,KPCL0022,2025-05-05 00:16:20.932,"{'unit': '%', 'value': 30.7, 'timestamp': '04/05/2025, 20:16:20'}",humidity
755,KPCL0022,2025-05-05 00:16:20.964,"{'unit': 'lux', 'value': 38, 'timestamp': '04/05/2025, 20:16:20'}",light
756,KPCL0022,2025-05-05 00:16:20.995,"{'unit': 'g', 'value': 0.011315, 'timestamp': '04/05/2025, 20:16:20'}",weight
757,KPCL0022,2025-05-05 00:16:25.869,"{'unit': '°C', 'value': 22.2, 'timestamp': '04/05/2025, 20:16:25'}",temperature
758,KPCL0022,2025-05-05 00:16:25.900,"{'unit': '%', 'value': 30.7, 'timestamp': '04/05/2025, 20:16:25'}",humidity
759,KPCL0022,2025-05-05 00:16:25.932,"{'unit': 'lux', 'value': 39, 'timestamp': '04/05/2025, 20:16:25'}",light
760,KPCL0022,2025-05-05 00:16:25.962,"{'unit': 'g', 'value': 0.002643, 'timestamp': '04/05/2025, 20:16:25'}",weight
761,KPCL0022,2025-05-05 00:16:30.840,"{'unit': '°C', 'value': 22.2, 'timestamp': '04/05/2025, 20:16:30'}",temperature
762,KPCL0022,2025-05-05 00:16:30.871,"{'unit': '%', 'value': 30.7, 'timestamp': '04/05/2025, 20:16:30'}",humidity
763,KPCL0022,2025-05-05 00:16:30.902,"{'unit': 'lux', 'value': 41, 'timestamp': '04/05/2025, 20:16:30'}",light
764,KPCL0022,2025-05-05 00:16:30.932,"{'unit': 'g', 'value': 0.014125, 'timestamp': '04/05/2025, 20:16:30'}",weight
